pdf_filename,relevance,relevance_percentage,author,year,title,journal,country,spatial_coordinates,distance_coast,protected_area,number_of_marine_alien_species,marine_alien_species,respondent,sample_size,type_of_sample,survey_mode,type_of_study,single_site_multiple_site,CVM_elicitation,metrics,year_of_estimate,u_m_estimate,estimate,description,note,additional_estimates,country__evidence,spatial_coordinates__evidence,distance_coast__evidence,protected_area__evidence,number_of_marine_alien_species__evidence,marine_alien_species__evidence,respondent__evidence,sample_size__evidence,type_of_sample__evidence,survey_mode__evidence,type_of_study__evidence,single_site_multiple_site__evidence,year_of_estimate__evidence,u_m_estimate__evidence
020207.pdf,1,25,"Bhosale, P. A.",2025,Modifications in Protein content of Freshwater molluscs bivalve Corbicula Fluminea all through three seasons from kurla dam Tal-Mahad Dist. -Raigad,"International Journal of Research Studies on Environment, Earth, and Allied Sciences (IJRSEAS)",India,N/A,N/A,0,N/A,N/A,N/A,N/A,N/A,N/A,N/A,0,0,N/A,2022,N/A,N/A,The study investigates the effect of climate change on the protein content of the freshwater bivalve Corbicula Fluminea across different seasons.,N/A,N/A,,,,,,,,,,,,,from 2022 to 23,
02a6820a-971e-4160-8466-50c7a34f09d5.pdf,0,50,N/A,N/A,N/A,N/A,N/A,N/A,N/A,N/A,N/A,N/A,N/A,N/A,N/A,N/A,N/A,N/A,N/A,N/A,N/A,N/A,N/A,N/A,"The context discusses the presence and ecological impacts of non-indigenous species (NIS) in the Mediterranean, including some socio-economic implications, but lacks detailed economic valuation methods or analyses related to marine alien species.",N/A,,,,,,,,,,,,,,
1-s2.0-S0025326X25002280-main.pdf,1,75,"Solak-Fiskin, Cemile; Cihan, Mehmet; Gül, Mustafa Remzi",2025,The collective effects of potential drivers on the incidence of non-indigenous species in the Mediterranean: A long-term investigation,Marine Pollution Bulletin,Spain; France; Italy; Greece; Egypt; Israel; Turkey,N/A,N/A,0,N/A,Cassiopea andromeda,divers,N/A,N/A,N/A,costs,0,0,N/A,N/A,N/A,345,"This study investigates the collective effects of shipping activities, environmental dynamics, and socioeconomic factors on the incidence of non-indigenous species in the Mediterranean Sea.",N/A,N/A,"with Spain, France, Italy, and Greece having the highest number of records. The dominant vector for Egypt, Israel, and Turkey is the Suez Canal",,,,,"A new record of an alien jellyfish from the Levantine coast of Turkey – Cassiopea andromeda (Forsskål, 1775)",75% of the SO network consists of diving centers or clubs,,,,cumulative expenses estimated at US$140.20 billion for Europe over the past sixty years,,,
1-s2.0-S004896972500871X-main.pdf,1,75,"Kato-Noguchi, H.; Kato, M.",2025,"The Invasive Mechanism and Impact of Arundo donax, One of the World’s 100 Worst Invasive Alien Species",Plants,Japan,N/A,N/A,1,N/A,Cassiopea andromeda,divers,N/A,N/A,N/A,costs,0,0,N/A,N/A,N/A,345,"The article reviews the invasive mechanisms and impacts of Arundo donax, highlighting its rapid growth, adaptability, and negative effects on ecosystems.",Focuses on the invasive traits and management of A. donax.,[],,,,,,"A new record of an alien jellyfish from the Levantine coast of Turkey – Cassiopea andromeda (Forsskål, 1775)","75% of the SO network consists of diving centers or clubs, which represents a good opportunity for marine citizen science, as divers are considered one of the most committed user groups",,,,cumulative expenses estimated at US$140.20 billion for Europe over the past sixty years,,,
1-s2.0-S0141113625002211-main.pdf,1,85,"Piccardi, Filippo; Bortot, Claudio; Brunoni, Luca; Poli, Federica; Guastoni Rosenthal, Gil; Mazzoldi, Carlotta; Barausse, Alberto",2025,"Invasive blue vs. local Green: analysis of substrate preference of two crab species, Callinectes sapidus and Carcinus aestuarii",Marine Environmental Research,Italy; United Kingdom; USA,N/A,N/A,0,2,Callinectes sapidus; Carcinus aestuarii,fisher,N/A,N/A,N/A,costs,0,0,N/A,N/A,N/A,345,"The study compares habitat preferences of the invasive Atlantic Blue Crab and the native Mediterranean Shore Crab in the Venice Lagoon, highlighting the potential ecological impacts of the invasive species.",N/A,N/A,,,,,,,,,,,cumulative expenses estimated at US$140.20 billion for Europe over the past sixty years,,,
1-s2.0-S0308597X25003057-main.pdf,1,85,"Chiappi, Marina; Azzurro, Ernesto; Strafella, Pierluigi; Ferrà, Carmen; Luzi, Francesca; Guicciardi, Stefano; Mancinelli, Giorgio; Bonaldo, Alessio; De Marco, Antonina; Fracasso, Beatrice; Mancarella, Sara; Girelli, Chiara Roberta; Fanizzi, Francesco Paolo; Scarcella, Giuseppe",2025,Enhancing scientific knowledge to support the exploitation of invasive Anadara spp. in the Adriatic Sea,Marine Policy,Italy,N/A,N/A,0,2,Anadara kagoshimensis; Anadara transversa,divers,N/A,random,N/A,costs,0,0,N/A,N/A,N/A,N/A,"The study focuses on the economic potential and sustainable management of two invasive bivalves, Anadara kagoshimensis and A. transversa, in the Adriatic Sea.",N/A,N/A,,,,,,,75% of the SO network consists of diving centers or clubs,,,,cumulative expenses estimated at US$140.20 billion for Europe over the past sixty years,,,
1-s2.0-S0308597X25003197-main.pdf,1,85,"Mendoza, Jimlea Nadezhda; Pruse, Baiba; Mattalia, Giulia; Kochalski, Sophia; Prakofjewa, Julia; Buosi, Alessandro; Ciriaco, Aimee; Primavera, Francesco; Martini, Agnese; Bittner, Maria Viktoria; Soukand, Renata; Sfriso, Adriano",2026,"Impacts of invasive algae from the perspective of fishers in the Lagoon of Venice, Northern Italy",Marine Policy,Italy; Ireland; Spain; Germany; Philippines,N/A,N/A,0,26,Rugulopteryx okamurae,fishers,31,N/A,face to face,costs,0,0,N/A,N/A,N/A,N/A,The study investigates the perceptions of local fishers regarding the impacts of invasive algae on marine resources in the Lagoon of Venice.,N/A,N/A,,,,,,"First record of the invasive alien species Rugulopteryx okamurae (Phaeophyceae, Dictyotales)",,,,,cumulative expenses estimated at US$140.20 billion for Europe over the past sixty years,,,
10.2478_bjir-2025-0013.pdf,1,85,"Meli, Eni; Arapi, Dritan; Sadikaj, Rigerta",2025,Some characteristics of epibiotic macroinvertebrates in Mediterranean mussel (Mytilus galloprovincialis) reared in a mariculture of Butrint Lagoon,Balkan Journal of Interdisciplinary Research,Albania,N/A,N/A,0,1006,Rugulopteryx okamurae,fishers,N/A,N/A,N/A,costs,0,0,N/A,N/A,N/A,N/A,The study analyzes the taxonomic composition and abundance of epibiotic macroinvertebrates associated with Mediterranean mussels cultivated in the Butrint Lagoon.,N/A,0.6 to 2.5 (r) - priors established for A. inaequivalvis; 0.55 to 1.61 (r) - prior range for r reflecting uncertainty,,,,,"At the end of 2020, a total of 1006 NIS have been censused throughout the entire Mediterranean basin","First record of the invasive alien species Rugulopteryx okamurae (Phaeophyceae, Dictyotales)",All interviewees were local resource users and fishers engaged in fishing activities,,,,cumulative expenses estimated at US$140.20 billion for Europe over the past sixty years,,,
11594-Citizen-science.pdf,1,85,"Demetriou, Jakovos; Borowiec, Lech; Georgiadis, Christos; Economo, Evan P.; Roy, Helen E.; Martinou, Angeliki F.; Salata, Sebastian",2025,Citizen-science Supplements Species Inventories and Reveals the Invasion of Monomorium exiguum and Pheidole parva (Hymenoptera: Formicidae) in Cyprus,Sociobiology,Cyprus,N/A,N/A,1,2,Monomorium exiguum; Pheidole parva,students,16,N/A,N/A,costs,0,0,N/A,N/A,N/A,N/A,"The study presents the first records of the alien species Monomorium exiguum and Pheidole parva in Cyprus, highlighting the role of citizen science in detecting and mapping species distributions.",N/A,N/A,,,,,,,,,,,cumulative expenses estimated at US$140.20 billion for Europe over the past sixty years,,,
12994.pdf,1,85,"Manfredi, Alessio; Lorusso, Patrizio; Pandiscia, Annamaria; Bonerba, Elisabetta; Ceci, Edmondo; Bozzo, Giancarlo; Cristofaro, Domenico; Terio, Valentina",2025,Antibiotic residues and heavy metals in blue crabs (Callinectes sapidus) fished in the Mediterranean Sea: a preliminary study,Italian Journal of Food Safety,Italy,N/A,N/A,0,1,Callinectes sapidus,students,18,N/A,N/A,N/A,0,0,N/A,N/A,N/A,N/A,"The study assesses heavy metals and antibiotic residues in the appendage muscle of blue crabs from various Mediterranean sites, highlighting the importance of monitoring these contaminants for food safety.",N/A,N/A,,,,,,,the school’s students and personnel for both their hospitality and participation in this research,,,,,,,
2025.08.13.663855.full.pdf,1,85,"Durieux, Eric Dominique Henri; Le Corre, Klervi; Marchessaux, Guillaume; Veyssiere, Dimitri; Etourneau, Sabrina; Garrido, Marie",2025,Movements and habitat use of the invasive blue crab Callinectes sapidus in a Mediterranean coastal lagoon,bioRxiv,France,N/A,N/A,0,1,Callinectes sapidus,students,31,N/A,N/A,N/A,0,0,N/A,N/A,N/A,N/A,"This study presents the first acoustic telemetry-based assessment of C. sapidus within its invasive range, focusing on movement patterns, activity levels, and habitat preferences in Biguglia Lagoon, Corsica.",N/A,N/A,,,,,,,the school’s students and personnel for both their hospitality and participation in this research,,,,,,,
23232.pdf,1,85,"Xu, Jian; Feng, Guangpeng; Yan, Yunzhi",2025,"Effects of polystyrene nanoplastics and copper on gill tissue structure, metabolism, and immune function of the Chinese mitten crab (Eriocheir sinensis)",Frontiers in Marine Science,China,N/A,N/A,0,1006,Rugulopteryx okamurae,students,240,random,N/A,N/A,0,0,N/A,N/A,N/A,N/A,"This study evaluated the toxicity of nanoplastics and copper on the gill tissues of the Chinese mitten crab, focusing on tissue morphology, metabolism, and immune functions.",N/A,N/A,,,,,"At the end of 2020, a total of 1006 NIS have been censused throughout the entire Mediterranean basin","First record of the invasive alien species Rugulopteryx okamurae (Phaeophyceae, Dictyotales)",the school’s students and personnel for both their hospitality and participation in this research,,,,,,,
2502.07095v1.pdf,1,85,"Tiralongo, Francesco; Mancini, Emanuele; Gattelli, Raffaele; Di Pasquale, Costanza; Rossetti, Emanuele; Martellucci, Riccardo; Felici, Alberto; Mancinelli, Giorgio; Mulder, Christian",2023,The devastating economic impact of Callinectes sapidus on the clam fishing in the Po Delta (Italy): striking evidence from novel field data,N/A,Italy,"44.92266N, 12.49370E; 44.85906N, 12.41786E",N/A,0,1,Callinectes sapidus,students,N/A,N/A,N/A,economic study,0,0,N/A,N/A,N/A,N/A,"This study explores the influence of the invasive crab Callinectes sapidus on clam production in the Po Delta, highlighting significant ecological and economic impacts.",N/A,N/A,,,,,,,Students were excited and seemed to enjoy their involvement in the project.,,,,,,,
44552.pdf,1,85,"Cantos-Villar, Emma; Mena-Petite, Amaia; Díez-Navajas, Ana M.; Cretazzo, Enrico; Lacuesta, Maite; Miranda-Apodaca, Jon; Pérez-López, Usue; Córdoba-Granados, Juan José; Cámara, Asier; Bertazzon, Nadia; Zarraonaindia, Iratxe",2025,Rugulopteryx okamurae extract provides protection against Plasmopara viticola,OENO One,Spain; Italy,N/A,N/A,0,1,Rugulopteryx okamurae,students,N/A,N/A,N/A,costs,0,0,N/A,N/A,N/A,N/A,"The study evaluates the ability of a Rugulopteryx okamurae extract to prevent damage from Plasmopara viticola on two clones of Tempranillo plants, demonstrating its potential as a biostimulant.",N/A,N/A,,,,,,,the school’s students and personnel for both their hospitality and participation in this research,,,,cumulative expenses estimated at US$140.20 billion for Europe over the past sixty years.,,,
67bee28206179.pdf,1,85,"ASTRUCH, P.; SCHOHN, T.; ANDRÉ, F.; BELLONI, B.; BOUDOURESQUE, C.-F.; LEJEUSNE, C.; MAYOT, N.; MARCHESSAUX, G.; THIBAUT, T.; ZIBROWIUS, H.; VERLAQUE, M.",2025,"Chaotic and long-term trends in Berre Lagoon (Provence, France): a shift towards alien-dominated assemblages?",Mediterranean Marine Science,France,N/A,N/A,0,38,Rugulopteryx okamurae,students,N/A,N/A,N/A,costs,0,0,N/A,N/A,N/A,N/A,"The study discusses the ecological changes in Berre Lagoon, focusing on the introduction and impact of non-indigenous species following significant environmental disturbances.",N/A,N/A,,,,,,"First record of the invasive alien species Rugulopteryx okamurae (Phaeophyceae, Dictyotales)",the school’s students and personnel for both their hospitality and participation in this research,,,,cumulative expenses estimated at US$140.20 billion for Europe over the past sixty years.,,,
AquaInv-20-199_article-154614_en_1.pdf,1,85,"Kvach, Yuriy; Gabrielczak, Halyna; Lepekha, Anastasiia; Son, Mikhail O.; Khutornoi, Sergii",2025,"The Chesapeake blue crab, Callinectes sapidus Rathbun, 1896: new finding, origin, and further spread in the Ukrainian part of the Black Sea",Aquatic Invasions,Ukraine; Poland,"46.288722°N, 30.663694°E",N/A,0,1,Callinectes sapidus,students,N/A,N/A,N/A,costs,0,0,N/A,N/A,N/A,N/A,"This study presents novel findings on the presence and breeding of the non-indigenous Chesapeake blue crab, Callinectes sapidus, in the Black Sea region, particularly in Ukraine.",N/A,[],,,,,,,the school’s students and personnel for both their hospitality and participation in this research,,,,cumulative expenses estimated at US$140.20 billion for Europe over the past sixty years.,,,
Aquatic Conservation - 2025 - Delrieu‐Trottin - Improving the Monitoring of the Invasive Blue Crab Callinectes sapidus .pdf,1,85,"Delrieu-Trottin, Erwan; Bianic, Mathieu; Miaud, Claude; Garcia, Manon; Arnal, Véronique; Hocdé, Régis; Cochet, Christophe; Barré, Nathalie; Cornil, Laetitia; Manel, Stéphanie",2025,Improving the Monitoring of the Invasive Blue Crab (Callinectes sapidus): Combining Environmental DNA and Citizen Observations,Aquatic Conservation: Marine and Freshwater Ecosystems,France,N/A,N/A,0,1,Callinectes sapidus,students,N/A,N/A,N/A,costs,0,0,N/A,N/A,N/A,N/A,The study focuses on the early detection and monitoring of the invasive Blue Crab in the Mediterranean Sea using environmental DNA (eDNA) techniques.,N/A,N/A,,,,,,,the school’s students and personnel for both their hospitality and participation in this research,,,,cumulative expenses estimated at US$140.20 billion for Europe over the past sixty years.,,,
Biological Reviews - 2025 - Seebens - Biological invasions a global assessment of geographic distributions long‐term.pdf,1,85,"Seebens, Hanno; Meyerson, Laura A.; Richardson, David M.; Lenzner, Bernd; Tricarico, Elena; Courchamp, Franck; Aleksanyan, Alla; Keskin, Emre; Saeedi, Hanieh; Akite, Perpetra; Alexander, Jake M.; Bailey, Sarah A.; Biancolini, Dino; Blackburn, Tim M.; Boehmer, Hans Juergen; Bortolus, Alejandro; Cadotte, Marc W.; Capinha, César; Carlton, James T.; Crouch, Jo Anne; Daehler, Curtis C.; Essl, Franz; Foxcroft, Llewellyn C.; Fridley, Jason D.; Fuentes, Nicol; Gaertner, Mirijam; Galil, Bella; García-Berthou, Emili; García-Díaz, Pablo; Haider, Sylvia; Heneghan, Liam; Hughes, Kevin A.; Hui, Cang; Kaplan, Ekin; Liebhold, Andrew M.; Liu, Chunlong; Marchante, Elizabete; Marchante, Hélia; Marticorena, Alicia; Minter, David W.; Moreno, Rodrigo A.; Nentwig, Wolfgang; Niamir, Aidin; Novoa, Ana; Nunes, Ana L.; Pauchard, Aníbal; Rahlao, Sebataolo; Ricciardi, Anthony; Russell, James C.; Sankaran, K.V.; Schertler, Anna; Schwindt, Evangelina; Shackleton, Ross T.; Simberloff, Daniel; Strayer, David L.; Tawake, Alifereti; Thines, Marco; Villaseñor-Parada, Cristóbal; Vitule, Jean Ricardo Simões; Wagner, Viktoria; Werenkraut, Victoria; Wesche, Karsten; Willette, Demian A.; Zenni, Rafael D.; Pyšek, Petr",2025,"Biological invasions: a global assessment of geographic distributions, long-term trends, and data gaps",Biological Reviews,Spain; France; Italy; Greece; Egypt; Israel; Turkey,N/A,N/A,0,1006,Rugulopteryx okamurae,students,N/A,N/A,N/A,costs,0,0,N/A,N/A,N/A,N/A,"The Mediterranean Sea is increasingly threatened by biodiversity loss due to the proliferation of non-indigenous species (NIS), which can severely disrupt marine ecosystems.",N/A,[],"A total of 7636 records were found, with Spain, France, Italy, and Greece having the highest number of records. For example, the dominant vector for Egypt, Israel, and Turkey is the Suez Canal.",,,,"At the end of 2020, a total of 1006 NIS have been censused throughout the entire Mediterranean basin","First record of the invasive alien species Rugulopteryx okamurae (Phaeophyceae, Dictyotales)",Students were excited and seemed to enjoy their involvement in the project.,,,,cumulative expenses estimated at US$140.20 billion for Europe over the past sixty years,,,
Damageandeconomicimpactofwood-borersBivalviaTeredinidaeonartisanalfishing.pdf,1,85,"EL JAMAAI, J.; TAHERI, A.; EL AJJOURI, B.; ADLAN MERINI, M. S.; BORGES, L. M. S.",2025,"Damage and economic impact of wood-borers (Bivalvia, Teredinidae) on artisanal fishing in Morocco: a case study",Mediterranean Marine Science,Morocco,"35.7905° N, 5.8080° W",N/A,0,2,Lyrodus cf. pedicellatus; Teredo bartschi,artisanal shipowners,40,N/A,N/A,economic impact assessment,0,0,N/A,N/A,MAD,470000,"The study assesses the economic impact of wood-boring bivalves on artisanal fishing in Tangier, Morocco, highlighting significant damage and repair costs due to infestations.",The study indicates that 77.5% of the fleet was affected by teredinids.,N/A,,,,,,,,,,,,,,
Ecology and Evolution - 2025 - Fernández - First Records of Wild Octopus Octopus vulgaris Preying on Adult Invasive Blue.pdf,1,85,"Fernández, Julio; Gestoso, Ignacio; Juijn, Hidde; Cabanellas-Reboredo, Miguel; Hernández-Urcera, Jorge",2025,First Records of Wild Octopus (Octopus vulgaris) Preying on Adult Invasive Blue Crabs (Callinectes sapidus),Ecology and Evolution,Spain; Portugal; USA,"38.64055556° N, 0.05027778° E; 38.79138889° N, 0.18277778° E; 38.99138889° N, 1.28583333° E",N/A,0,1,Callinectes sapidus,students,N/A,N/A,N/A,costs,0,0,N/A,N/A,N/A,N/A,"This study reports the first records of predation of the invasive blue crab by the common octopus in the Mediterranean Sea, highlighting the role of native predators in controlling invasive species.",N/A,[],,,,,,,Students were excited and seemed to enjoy their involvement in the project.,,,,cumulative expenses estimated at US$140.20 billion for Europe over the past sixty years,,,
Global Change Biology - 2025 - Haubrock - A Global Account of Established Non‐Native Fish Species.pdf,1,85,"Haubrock, Phillip J.; Novello, Mariana; Abreo, Neil Angelo; Błońska, Dagmara; Franco, Ana Clara Sampaio; Soto, Ismael; Castaldelli, Giuseppe; Katsanevakis, Stelios; Kouba, Antonín; Balzani, Paride; Kurtul, Irmak; Tarkan, Ali Serhan; Briski, Elizabeta; Britton, Robert",2025,A Global Account of Established Non-­Native Fish Species,Global Change Biology,193 countries,N/A,N/A,0,1006,Rugulopteryx okamurae,students,N/A,N/A,N/A,costs,0,0,N/A,N/A,N/A,N/A,"The study compiles a comprehensive dataset to examine the taxonomic diversity, geographical distribution, introduction pathways, and ecological impacts of non-native freshwater and marine fishes.",N/A,N/A,,,,,"At the end of 2020, a total of 1006 NIS have been censused throughout the entire Mediterranean basin","First record of the invasive alien species Rugulopteryx okamurae (Phaeophyceae, Dictyotales)",Students were excited and seemed to enjoy their involvement in the project.,,,,cumulative expenses estimated at US$140.20 billion for Europe over the past sixty years.,,,
NB-97-135_article-131827_en_1.pdf,1,85,"Sohrabi, Sima; Yazlık, Ayşe; Bazos, Ioannis; Gherekhloo, Javid; Kati, Vaya; Kitiş, Yasin Emre; Arianoutsou, Margarita; Kortz, Alessandra; Pyšek, Petr",2025,"Alien species of Ipomoea in Greece, Türkiye and Iran: distribution, impacts and management",NeoBiota,Greece; Türkiye; Iran,"39.0742°N, 21.8243°E",N/A,0,1006,Rugulopteryx okamurae,students,N/A,N/A,N/A,costs,0,0,N/A,N/A,N/A,N/A,"The paper provides a detailed overview of the distribution, impacts, and management of alien Ipomoea species in Greece, Türkiye, and Iran.",N/A,N/A,,,,,"At the end of 2020, a total of 1006 NIS have been censused throughout the entire Mediterranean basin","First record of the invasive alien species Rugulopteryx okamurae (Phaeophyceae, Dictyotales)",Students were excited and seemed to enjoy their involvement in the project.,,,,cumulative expenses estimated at US$140.20 billion for Europe over the past sixty years.,,,
NB-99-109_article-148323_en_1.pdf,1,85,"Jiménez, Randall R.; Smith, Kevin G.; Brooks, Thomas M.; Scalera, Riccardo; Mair, Louise; Nunes, Ana L.; Costello, Katie E.; Macfarlane, Nicholas B. W.",2025,Guiding action on invasive alien species towards meeting the EU's Biodiversity Strategy for 2030,NeoBiota,Spain; Portugal; Italy; Greece,N/A,100.5,0,1006,Rugulopteryx okamurae,N/A,N/A,N/A,N/A,costs,0,0,N/A,N/A,N/A,N/A,The study focuses on the economic impacts of invasive alien species (IAS) in the EU and aims to identify opportunities for reducing species extinction risk through effective management of IAS.,The article discusses the application of the STAR methodology for managing IAS in the context of the EU Biodiversity Strategy 2030.,N/A,,,"D50, which represents the distance at which the detection efficiency declines to 50% of the maximum detection proportion was estimated here at 100.5 meters",,"At the end of 2020, a total of 1006 NIS have been censused throughout the entire Mediterranean basin","First record of the invasive alien species Rugulopteryx okamurae (Phaeophyceae, Dictyotales)",,,,,cumulative expenses estimated at US$140.20 billion for Europe over the past sixty years,,,
Taybi et al P_magna natcroat 2025.pdf,1,85,"Taybi, F.A.; Gourari, K.; Essadek, A.; Mabrouki, Y.",2025,"Expansion of the non-indigenous sponge Paraleucilla magna Klautau, Monteiro & Borojevic, 2004 (Porifera: Calcarea) along the Mediterranean coast of Morocco",Nat. Croat.,Morocco,"35°11'09.2""N 2°55'25.9""W; 35°06'36.9""N 2°17'47.8""W",N/A,1,5,Paraleucilla magna; Branchiomma luctuosum; Callinectes sapidus; Botrylloides niger; Microcosmus squamiger; Polyandrocarpa zorritensis; Styela plicata,N/A,N/A,N/A,N/A,costs,0,0,N/A,N/A,N/A,N/A,"The paper documents the occurrence and rapid expansion of the non-indigenous sponge Paraleucilla magna in the Marchica Lagoon and Saidia Marina, highlighting the need for monitoring and management strategies.",N/A,N/A,,,,,,,,,,,cumulative expenses estimated at US$140.20 billion for Europe over the past sixty years,,,
Vivas_etal_2024_blue_crab_diet_Articulo_2024-10.pdf,1,85,"Vivas, Miguel; García‑Rodríguez, Encarnación; Muñoz‑Vera, Ana; Barcala, Elena; Guijarro‑García, Elena",2025,"Effect of the Invasive Blue Crab (Callinectes sapidus Rathbun, 1896) in a Protected Coastal Lagoon",Estuaries and Coasts,Spain,N/A,100.5,1,1,Callinectes sapidus,N/A,N/A,N/A,N/A,costs,0,0,N/A,N/A,N/A,N/A,"The study investigates the potential impact of the invasive Atlantic blue crab on the Mar Menor lagoon ecosystem, focusing on its feeding habits and reproductive ecology.",N/A,N/A,,,"D50, which represents the distance at which the detection efficiency declines to 50% of the maximum detection proportion was estimated here at 100.5 meters",,,,,,,,cumulative expenses estimated at US$140.20 billion for Europe over the past sixty years.,,,
fmars-08-633118.pdf,1,85,"Miralles, Laura; Ibabe, Aitor; González, Mónica; García-Vázquez, Eva; Borrell, Yaisel J.",2021,"“If You Know the Enemy and Know Yourself”: Addressing the Problem of Biological Invasions in Ports Through a New NIS Invasion Threat Score, Routine Monitoring, and Preventive Action Plans",Frontiers in Marine Science,Spain,N/A,N/A,0,18,Rugulopteryx okamurae,N/A,612,N/A,N/A,costs,0,0,N/A,N/A,N/A,N/A,"The study addresses biological invasions in ports, focusing on the port of Gijon, Spain, and proposes a new NIS Invasion Threat Score to predict and manage non-indigenous species.",N/A,N/A,,,,,,"First record of the invasive alien species Rugulopteryx okamurae (Phaeophyceae, Dictyotales)",,,,,cumulative expenses estimated at US$140.20 billion for Europe over the past sixty years.,,,
fmars-11-1515098.pdf,1,85,"Gavioli, Anna; Castaldelli, Giuseppe; Eggleston, David B.; Christian, Robert R.",2025,From ecological to anthropogenic factors: unraveling the drivers of blue crab Callinectes sapidus occurrence along the Mediterranean coasts,Frontiers in Marine Science,Italy,N/A,N/A,0,1,Callinectes sapidus,N/A,N/A,N/A,N/A,costs,0,0,N/A,N/A,N/A,N/A,"The study investigates the factors influencing the occurrence of the Atlantic blue crab along the Mediterranean coasts, highlighting the impacts of water quality and anthropogenic factors.",N/A,[],,,,,,,,,,,cumulative expenses estimated at US$140.20 billion for Europe over the past sixty years.,,,
fmars-12-1489965.pdf,1,85,"Marguin, Audrey; Bussotti, Simona; Guidetti, Paolo; Rossi, Francesca",2025,A systematic review of ﬁshing impacts on the trophic level of ﬁsh populations and assemblages in the Mediterranean Sea,Frontiers in Marine Science,France; Italy,N/A,N/A,0,1006,Rugulopteryx okamurae,N/A,N/A,N/A,N/A,Systematic Review,0,0,N/A,N/A,N/A,N/A,"This paper presents a systematic review of studies investigating the relationship between fishing activities and the trophic structure of fish populations and assemblages, focusing on the Mediterranean Sea.",N/A,N/A,,,,N/A,"At the end of 2020, a total of 1006 NIS have been censused throughout the entire Mediterranean basin","First record of the invasive alien species Rugulopteryx okamurae (Phaeophyceae, Dictyotales)",,,,,,,,
fmars-12-1603724.pdf,1,85,"Luı´s, S; Pinho, M; Lopes, ML; Oliveira, BRF; Sousa, AI; Lillebø, AI",2025,Are native species of Ria de Aveiro under invasion? The relations between local activities and environmental perceptions on marine biological resources,Frontiers in Marine Science,Portugal,N/A,N/A,0,1006,Diopatra neapolitana; Hediste diversicolor; Arenicola spp.; Ruditapes decussatus; Venerupis corrugata; Ruditapes philippinarum,private citizens,174,N/A,face to face,choice experiment,0,0,N/A,N/A,N/A,N/A,This study investigates the perceptions of the local community regarding the threat of invasive alien species and biodiversity loss in the Ria de Aveiro coastal lagoon.,N/A,N/A,,,,N/A,"At the end of 2020, a total of 1006 NIS have been censused throughout the entire Mediterranean basin",,,,,,Gain and loss of money in a choice experiment.,,,
fmars-12-1631423.pdf,1,85,"Chiappi, Marina; Stranga, Yolanda; Kalloniati, Chrysanthi; Tsirintanis, Konstantinos; Tsirtsis, George; Azzurro, Ernesto; Katsanevakis, Stelios",2025,"CIMPAL expanded: unraveling the cumulative impacts of invasive alien species, jellyﬁsh blooms, and harmful algal blooms",Frontiers in Marine Science,Greece; Italy,N/A,N/A,0,26,Rugulopteryx okamurae,N/A,N/A,N/A,N/A,choice experiment,0,0,N/A,N/A,N/A,N/A,"This study expands the Cumulative IMPacts of invasive ALien species (CIMPAL) index to assess the cumulative impacts of IAS, HABs, and jellyﬁsh blooms, also accounting for interspeciﬁc interactions.",N/A,N/A,,,,,,"First record of the invasive alien species Rugulopteryx okamurae (Phaeophyceae, Dictyotales)",,,,,Gain and loss of money in a choice experiment.,,,
ijfs-14-3-13287.pdf,1,85,"Manfredi, Alessio; Lorusso, Patrizio; Pandiscia, Annamaria; Bonerba, Elisabetta; Ceci, Edmondo; Bozzo, Giancarlo; Cristofaro, Domenico; Terio, Valentina",2025,Antibiotic residues and heavy metals in blue crabs (Callinectes sapidus) fished in the Mediterranean Sea: a preliminary study,Italian Journal of Food Safety,Italy,N/A,N/A,0,1,Callinectes sapidus,N/A,18,N/A,N/A,choice experiment,0,0,N/A,N/A,N/A,N/A,"The study assesses heavy metals and antibiotic residues in blue crab samples from various Mediterranean sites, highlighting the importance of monitoring these contaminants for food safety and ecosystem management.",N/A,N/A,,,,,,,,,,,Gain and loss of money in a choice experiment.,,,
jmse-13-00374.pdf,1,85,"Borriglione, M.; Ruitton, S.; Blanfuné, A.; Perret-Boudouresque, M.; Thouroude, B.; Verlaque, M.; Boudouresque, C.-F.; Thibaut, T.",2025,Non-Indigenous Species of Macroalgae in French Mediterranean Marine Protected Areas: Distribution and Trends,J. Mar. Sci. Eng.,France,N/A,N/A,1,107,Rugulopteryx okamurae,N/A,N/A,N/A,N/A,choice experiment,0,0,N/A,N/A,N/A,N/A,"The review quantifies and characterizes the distribution of non-indigenous macroalgae in French Mediterranean marine protected areas, highlighting the widespread occurrence and the challenges in monitoring and managing these species.",N/A,N/A,,,,,,"First record of the invasive alien species Rugulopteryx okamurae (Phaeophyceae, Dictyotales)",,,,,Gain and loss of money in a choice experiment.,,,
jmse-13-01798-v2.pdf,1,85,"Moutopoulos, D.K.; Sidiropoulou, N.; Vekris, I.; Doumpas, N.; Giovos, I.",2025,Marine Invasive Alien Species Reshape Small-Scale Fisheries: Case Study in Greek Coastal Waters,J. Mar. Sci. Eng.,Greece,N/A,N/A,0,11,Lagocephalus sceleratus; Torquigener flavimaculosus; Parupeneus forsskali; Pterois miles; Fistularia commersonii; Sepioteuthis lessoniana; Sargocentron rubrum; Siganus luridus; Siganus rivulatus; Sphyraena chrysotaenia/flavicauda; Pempheris sp.,fisher,70,N/A,face to face,choice experiment,0,0,N/A,N/A,N/A,N/A,The study investigates the perceptions and adaptive responses of small-scale fishers to the impacts of marine invasive alien species in Greek coastal waters.,N/A,N/A,,,,,,,,,,,Gain and loss of money in a choice experiment.,,,
journal.pone.0313429.pdf,1,85,"Prado, Patricia; Català, Iraida; Alcaraz, Carles; Barberà, Maria del Carmen; Guijarro-García, Elena; Falco, Silvia",2025,"Salinity patterns and local migration determine the isotopic composition of the invasive blue crab, Callinectes sapidus, along the Spanish Mediterranean coast",PLOS ONE,Spain,N/A,N/A,0,1,Callinectes sapidus,fishers,N/A,N/A,N/A,choice experiment,0,0,N/A,N/A,N/A,N/A,"The study investigates the isotopic composition and dietary habits of the invasive blue crab in various regions of the Spanish Mediterranean, focusing on the effects of salinity and local migration patterns.",N/A,N/A,,,,,,,"Overall, 70 professional small-scale fishers participated in the survey.",,,,Gain and loss of money in a choice experiment.,,,
preprints_article_166451_en_1.pdf,1,85,"Latini, Lorenzo; Massaro, Giorgio; Coppa, Stefania; Giampaoletti, Jacopo; de Lucia, G Andrea; Dinoi, Alessia; Magni, Paolo",2025,"Analysis of the causes and consequences of major concern on biodiversity change in the Gulf of Oristano Area (Sardinia, Italy)",RIO article collection,Italy,"40°03'58.4""N 8°28'29.3""E; 39°40'06.6""N 8°27'33.1""E",N/A,1,1006,Rugulopteryx okamurae,fishers,N/A,N/A,N/A,choice experiment,0,0,N/A,N/A,N/A,N/A,"The study addresses biodiversity change in the Gulf of Oristano Area, focusing on species decline, habitat change, and competition with non-native species.",N/A,N/A,,,,,"At the end of 2020, a total of 1006 NIS have been censused throughout the entire Mediterranean basin","First record of the invasive alien species Rugulopteryx okamurae (Phaeophyceae, Dictyotales)","Overall, 70 professional small-scale fishers participated in the survey.",,,,Gain and loss of money in a choice experiment.,,,
s10479-025-06759-6.pdf,1,85,"Caravaggio, Andrea; Di Liddo, Andrea; Martiradonna, Angela",2025,Cooperation against invasions: multi-agent control of alien species in connected landscapes,Annals of Operations Research,Italy,N/A,N/A,0,1006,Ailanthus altissima; Callinectes sapidus,fishers,N/A,N/A,N/A,choice experiment,0,0,N/A,N/A,N/A,N/A,"The study presents a dynamic game-theoretic framework for modeling the strategic management of invasive alien species across a network of interconnected areas, highlighting the need for cooperative management strategies.",N/A,N/A,,,,,"At the end of 2020, a total of 1006 NIS have been censused throughout the entire Mediterranean basin",,"Overall, 70 professional small-scale fishers participated in the survey.",,,,Gain and loss of money in a choice experiment.,,,
s10530-025-03588-3.pdf,1,85,"Schächinger, Peter M.; Beran, Luboš; Verhaegen, Gerlien; Salvador, Rodrigo B.; Ravalo, Lorenzo G. O.; Haase, Martin",2025,"Following the snail trail–reconstructing the invasion route and world‑wide distribution of the New Zealand mud snail Potamopyrgus antipodarum (Mollusca, Caenogastropoda)",Biol Invasions,Germany; Czech Republic; Finland; New Zealand,"51.44500,0.37100 | -42.88400,147.33400 | 53.99900,11.44200 | 55.16200,-6.75800 | 56.37600,-3.35300 | 53.90700,14.25800 | 50.99200,2.40200 | 52.38000,4.91400 | 56.54900,10.23500 | 55.69900,21.12600 | 54.64700,19.90400 | 51.73300,-4.32700 | 57.72600,18.81300 | 49.17900,-2.11600 | 41.28400,2.06900 | 60.09100,19.92900 | 51.23100,4.39500 | 57.02100,23.96700 | 59.98200,23.43200 | 46.53700,32.41000 | 44.94700,28.85900 | 58.18400,8.03100 | 43.79700,7.60000",N/A,0,1,Potamopyrgus antipodarum,fishers,N/A,N/A,N/A,choice experiment,0,0,N/A,N/A,N/A,N/A,"The study reconstructs the invasion route and worldwide distribution of the New Zealand mud snail, highlighting its ecological and economic challenges.",N/A,N/A,,"51.445, 0.371 | -42.884, 147.334 | 53.999, 11.442 | 55.162, -6.758 | 56.376, -3.353 | 53.907, 14.258 | 50.992, 2.402 | 52.380, 4.914 | 56.549, 10.235 | 55.699, 21.126 | 54.647, 19.904 | 51.733, -4.327 | 57.726, 18.813 | 49.179, -2.116 | 41.284, 2.069 | 60.091, 19.929 | 51.231, 4.395 | 57.021, 23.967 | 59.982, 23.432 | 46.537, 32.410 | 44.947, 28.859 | 58.184, 8.031 | 43.797, 7.600",,,,,"Overall, 70 professional small-scale fishers participated in the survey.",,,,Gain and loss of money in a choice experiment.,,,
s10530-025-03589-2.pdf,1,85,"Oliveira, Bruno; Nogueira, António B.; Teixeira, Amílcar; Sousa, Ronaldo",2025,Subtle ecological effects of the invasive signal crayfish (Pacifastacus leniusculus) on Iberian fish communities,Biol Invasions,Portugal,41°43′47″ to 41°59′24″ N; 6°30′53″ to 7°12′9″ W,N/A,1,1,Pacifastacus leniusculus,fishers,2307,N/A,N/A,choice experiment,1,0,N/A,N/A,N/A,N/A,"The study assesses the ecological effects of the invasive signal crayfish on fish communities in the Montesinho Natural Park, focusing on abundance, biomass, richness, and diversity.",N/A,[],,,,,,,"Overall, 70 professional small-scale fishers participated in the survey.",,,,Gain and loss of money in a choice experiment.,,,
s10641-025-01731-6.pdf,1,85,"Błońska, Dagmara; Janic, Bartosz; Tarkan, Ali Serhan; Piria, Marina; Bănăduc, Doru; Švolíková, Kristína Slovák; Števove, Barbora; Lappalainen, Jyrki; Pyrzanowski, Kacper",2025,Reproductive traits of the invasive round goby (Neogobius melanostomus) along a latitudinal span in Europe,Environ Biol Fish,Türkiye; Croatia; Slovakia; Poland; Finland,"51.44500,0.37100 | -42.88400,147.33400 | 53.99900,11.44200 | 55.16200,-6.75800 | 56.37600,-3.35300 | 53.90700,14.25800 | 50.99200,2.40200 | 52.38000,4.91400 | 56.54900,10.23500 | 55.69900,21.12600 | 54.64700,19.90400 | 51.73300,-4.32700 | 57.72600,18.81300 | 49.17900,-2.11600 | 41.28400,2.06900 | 60.09100,19.92900 | 51.23100,4.39500 | 57.02100,23.96700 | 59.98200,23.43200 | 46.53700,32.41000 | 44.94700,28.85900 | 58.18400,8.03100 | 43.79700,7.60000",N/A,0,1,Neogobius melanostomus,fishers,83,N/A,N/A,choice experiment,0,0,N/A,N/A,N/A,N/A,"The study investigates the reproductive traits of the invasive round goby across five established populations in Europe, focusing on fecundity and other reproductive parameters.",N/A,N/A,,"51.445, 0.371 | − 42.884, 147.334 | 53.999, 11.442 | 55.162, − 6.758 | 56.376, − 3.353 | 53.907, 14.258 | 50.992, 2.402 | 52.380, 4.914 | 56.549, 10.235 | 55.699, 21.126 | 54.647, 19.904 | 51.733, − 4.327 | 57.726, 18.813 | 49.179, − 2.116 | 41.284, 2.069 | 60.091, 19.929 | 51.231, 4.395 | 57.021, 23.967 | 59.982, 23.432 | 46.537, 32.410 | 44.947, 28.859 | 58.184, 8.031 | 43.797, 7.600",,,,,"Overall, 70 professional small-scale fishers participated in the survey.",,,,Gain and loss of money in a choice experiment.,,,
s10750-022-05116-z.pdf,1,85,"Alonso, Álvaro; Collado, Gonzalo A.; Gérard, Claudia; Levri, Edward P.; Salvador, Rodrigo B.; Castro‑Díez, Pilar",2023,"Effects of the invasive aquatic snail Potamopyrgus antipodarum (Gray, 1853) on ecosystem properties and services",Hydrobiologia,Spain; Chile; France; USA; New Zealand,"51.44500,0.37100 | -42.88400,147.33400 | 53.99900,11.44200 | 55.16200,-6.75800 | 56.37600,-3.35300 | 53.90700,14.25800 | 50.99200,2.40200 | 52.38000,4.91400 | 56.54900,10.23500 | 55.69900,21.12600 | 54.64700,19.90400 | 51.73300,-4.32700 | 57.72600,18.81300 | 49.17900,-2.11600 | 41.28400,2.06900 | 60.09100,19.92900 | 51.23100,4.39500 | 57.02100,23.96700 | 59.98200,23.43200 | 46.53700,32.41000 | 44.94700,28.85900 | 58.18400,8.03100 | 43.79700,7.60000",N/A,0,1,Potamopyrgus antipodarum,fishers,N/A,N/A,N/A,choice experiment,0,0,N/A,N/A,N/A,N/A,"The study reviews the impacts of the invasive New Zealand mud snail on ecosystem properties and services, highlighting both positive and negative effects.",No economic assessment of the impacts of the NZMS is available in the literature.,[],,"51.445, 0.371 | -42.884, 147.334 | 53.999, 11.442 | 55.162, -6.758 | 56.376, -3.353 | 53.907, 14.258 | 50.992, 2.402 | 52.380, 4.914 | 56.549, 10.235 | 55.699, 21.126 | 54.647, 19.904 | 51.733, -4.327 | 57.726, 18.813 | 49.179, -2.116 | 41.284, 2.069 | 60.091, 19.929 | 51.231, 4.395 | 57.021, 23.967 | 59.982, 23.432 | 46.537, 32.410 | 44.947, 28.859 | 58.184, 8.031 | 43.797, 7.600",,,,,"Overall, 70 professional small-scale fishers participated in the survey.",,,,Gain and loss of money in a choice experiment.,,,
s10750-024-05717-w.pdf,1,85,"Carvalho, Francisco; Alves, Henrique; Pascoal, Cláudia; Castro, Paulo; Miranda, Fernando; Teixeira, Amílcar; Cássio, Fernanda; Sousa, Ronaldo",2025,Invasive dynamics of the signal crayfish Pacifastacus leniusculus in a protected area,Hydrobiologia,Portugal,"51.44500,0.37100 | -42.88400,147.33400 | 53.99900,11.44200 | 55.16200,-6.75800 | 56.37600,-3.35300 | 53.90700,14.25800 | 50.99200,2.40200 | 52.38000,4.91400 | 56.54900,10.23500 | 55.69900,21.12600 | 54.64700,19.90400 | 51.73300,-4.32700 | 57.72600,18.81300 | 49.17900,-2.11600 | 41.28400,2.06900 | 60.09100,19.92900 | 51.23100,4.39500 | 57.02100,23.96700 | 59.98200,23.43200 | 46.53700,32.41000 | 44.94700,28.85900 | 58.18400,8.03100 | 43.79700,7.60000",N/A,1,1006,Rugulopteryx okamurae,fishers,N/A,N/A,N/A,choice experiment,0,0,N/A,N/A,N/A,N/A,"The study assesses the invasion dynamics of the signal crayfish in the Rabaçal River, focusing on population changes and biological traits over time.",N/A,N/A,,"51.445, 0.371 | − 42.884, 147.334 | 53.999, 11.442 | 55.162, − 6.758 | 56.376, − 3.353 | 53.907, 14.258 | 50.992, 2.402 | 52.380, 4.914 | 56.549, 10.235 | 55.699, 21.126 | 54.647, 19.904 | 51.733, − 4.327 | 57.726, 18.813 | 49.179, − 2.116 | 41.284, 2.069 | 60.091, 19.929 | 51.231, 4.395 | 57.021, 23.967 | 59.982, 23.432 | 46.537, 32.410 | 44.947, 28.859 | 58.184, 8.031 | 43.797, 7.600",,,"At the end of 2020, a total of 1006 NIS have been censused throughout the entire Mediterranean basin","First record of the invasive alien species Rugulopteryx okamurae (Phaeophyceae, Dictyotales)","Overall, 70 professional small-scale fishers participated in the survey.",,,,Gain and loss of money in a choice experiment.,,,
s10750-025-05803-7.pdf,1,85,"Cabiddu, Serenella; Addis, Pierantonio; Palmas, Francesco; Pusceddu, Antonio; Solari, Paolo; Pasquini, Viviana",2025,"Feeding behavior and preference of the invasive blue crab (Callinectes sapidus Rathbun, 1896) for Mediterranean native bivalves in mesocosm",Hydrobiologia,Italy,"51.44500,0.37100 | -42.88400,147.33400 | 53.99900,11.44200 | 55.16200,-6.75800 | 56.37600,-3.35300 | 53.90700,14.25800 | 50.99200,2.40200 | 52.38000,4.91400 | 56.54900,10.23500 | 55.69900,21.12600 | 54.64700,19.90400 | 51.73300,-4.32700 | 57.72600,18.81300 | 49.17900,-2.11600 | 41.28400,2.06900 | 60.09100,19.92900 | 51.23100,4.39500 | 57.02100,23.96700 | 59.98200,23.43200 | 46.53700,32.41000 | 44.94700,28.85900 | 58.18400,8.03100 | 43.79700,7.60000",N/A,1,1,Callinectes sapidus,fishers,N/A,N/A,N/A,choice experiment,0,0,N/A,N/A,N/A,N/A,The study investigates the feeding behavior and prey preference of the invasive blue crab Callinectes sapidus for different commercially exploited Mediterranean native bivalves.,N/A,N/A,,Table 2   First record per country including location and reference,,,,,"Overall, 70 professional small-scale fishers participated in the survey.",,,,Gain and loss of money in a choice experiment.,,,
s10811-024-03404-w.pdf,1,85,"Figueroa, Félix L.; Vega, Julia; Flórez‑Fernández, Noelia; Mazón, José; Torres, María Dolores; Domínguez, Herminia; Pereira, Leonel",2025,"Challenges and opportunities of the exotic invasive macroalga Rugulopteryx okamurae (Phaeophyceae, Heterokontophyta)",Journal of Applied Phycology,Spain; Portugal; France; Italy,"51.44500,0.37100 | -42.88400,147.33400 | 53.99900,11.44200 | 55.16200,-6.75800 | 56.37600,-3.35300 | 53.90700,14.25800 | 50.99200,2.40200 | 52.38000,4.91400 | 56.54900,10.23500 | 55.69900,21.12600 | 54.64700,19.90400 | 51.73300,-4.32700 | 57.72600,18.81300 | 49.17900,-2.11600 | 41.28400,2.06900 | 60.09100,19.92900 | 51.23100,4.39500 | 57.02100,23.96700 | 59.98200,23.43200 | 46.53700,32.41000 | 44.94700,28.85900 | 58.18400,8.03100 | 43.79700,7.60000",N/A,0,1,Rugulopteryx okamurae,fishers,N/A,N/A,N/A,choice experiment,0,0,N/A,N/A,N/A,N/A,"The invasion of Rugulopteryx okamurae along the southern European coastline is producing significant ecological and socioeconomic impacts, displacing indigenous species and altering habitat structures.",N/A,N/A,,1859 England (GB) 51.445 0.371 | 1872 Australia − 42.884 147.334 | 1887 Germany 53.999 11.442 | 1893 Ireland 55.162 − 6.758 | 1906 Scotland (GB) 56.376 − 3.353 | 1907 Poland 53.907 14.258 | 1912 France 50.992 2.402 | 1913 Netherlands 52.380 4.914 | 1915 Denmark 56.549 10.235 | 1917 Lithuania 55.699 21.126 | 1917 Russia 54.647 19.904 | 1919 Wales (GB) 51.733 − 4.327 | 1920 Sweden 57.726 18.813 | 1922 Jersey 49.179 − 2.116 | 1924 Spain 41.284 2.069 | 1926 Åland (FI) 60.091 19.929 | 1927 Belgium 51.231 4.395 | 1927 Latvia 57.021 23.967 | 1933 Finland 59.982 23.432 | 1951 Ukraine 46.537 32.410 | 1951 Romania 44.947 28.859 | 1954 Norway 58.184 8.031 | 1961 Italy 43.797 7.600,,,,,"Overall, 70 professional small-scale fishers participated in the survey.",,,,Gain and loss of money in a choice experiment.,,,
s11356-025-36462-9.pdf,1,85,"Perelló, Esperança; Pinya, Samuel; Box, Antoni; Sureda, Antoni; Compa, Montserrat",2025,Assessing heavy metal accumulation in the invasive blue crab (Callinectes sapidus): environmental and human health implications,Environmental Science and Pollution Research,Spain,"51.44500,0.37100 | -42.88400,147.33400 | 53.99900,11.44200 | 55.16200,-6.75800 | 56.37600,-3.35300 | 53.90700,14.25800 | 50.99200,2.40200 | 52.38000,4.91400 | 56.54900,10.23500 | 55.69900,21.12600 | 54.64700,19.90400 | 51.73300,-4.32700 | 57.72600,18.81300 | 49.17900,-2.11600 | 41.28400,2.06900 | 60.09100,19.92900 | 51.23100,4.39500 | 57.02100,23.96700 | 59.98200,23.43200 | 46.53700,32.41000 | 44.94700,28.85900 | 58.18400,8.03100 | 43.79700,7.60000",N/A,0,1,Callinectes sapidus,fishers,83,N/A,face to face,choice experiment,0,0,N/A,N/A,N/A,N/A,"The study evaluates the concentrations of cadmium, lead, and mercury in the muscle tissue of the invasive blue crab, Callinectes sapidus, in the Balearic Islands, assessing its implications for environmental and human health.",N/A,N/A,,Table 2   First record per country including location and reference,,,,,"Overall, 70 professional small-scale fishers participated in the survey.",,,"The interviews took place in a private setting, through one-on-one meetings",Gain and loss of money in a choice experiment.,,,
s12864-024-11202-4.pdf,1,85,"Li, Qing; Ge, Chuanlong; Li, Lijuan",2025,Quantitative DIA‑based proteomics unveils ribosomal biogenesis pathways associated with increased final size in three‑year‑old Chinese mitten crab (Eriocheir sinensis),BMC Genomics,China; Canada,"51.44500,0.37100 | -42.88400,147.33400 | 53.99900,11.44200 | 55.16200,-6.75800 | 56.37600,-3.35300 | 53.90700,14.25800 | 50.99200,2.40200 | 52.38000,4.91400 | 56.54900,10.23500 | 55.69900,21.12600 | 54.64700,19.90400 | 51.73300,-4.32700 | 57.72600,18.81300 | 49.17900,-2.11600 | 41.28400,2.06900 | 60.09100,19.92900 | 51.23100,4.39500 | 57.02100,23.96700 | 59.98200,23.43200 | 46.53700,32.41000 | 44.94700,28.85900 | 58.18400,8.03100 | 43.79700,7.60000",N/A,0,1006,Rugulopteryx okamurae,fishers,N/A,N/A,face to face,choice experiment,0,0,N/A,N/A,N/A,N/A,"This study investigates the molecular mechanisms underlying the larger size of three-year-old Chinese mitten crabs compared to two-year-olds, focusing on proteomic data.",N/A,[],,"51.445, 0.371 | -42.884, 147.334 | 53.999, 11.442 | 55.162, -6.758 | 56.376, -3.353 | 53.907, 14.258 | 50.992, 2.402 | 52.380, 4.914 | 56.549, 10.235 | 55.699, 21.126 | 54.647, 19.904 | 51.733, -4.327 | 57.726, 18.813 | 49.179, -2.116 | 41.284, 2.069 | 60.091, 19.929 | 51.231, 4.395 | 57.021, 23.967 | 59.982, 23.432 | 46.537, 32.410 | 44.947, 28.859 | 58.184, 8.031 | 43.797, 7.600",,,"At the end of 2020, a total of 1006 NIS have been censused throughout the entire Mediterranean basin","First record of the invasive alien species Rugulopteryx okamurae (Phaeophyceae, Dictyotales)","Overall, 70 professional small-scale fishers participated in the survey.",,,"The interviews took place in a private setting, through one-on-one meetings",Gain and loss of money in a choice experiment.,,,
s41598-025-05789-1.pdf,1,85,"Zampardi, Serena; Licandro, Priscilla; Milisenda, Giacomo; Scannella, Danilo; Piraino, Stefano; Boero, Ferdinando",2025,Citizen science substantiates jellyfish occurrence in the Mediterranean Sea,Scientific Reports,Italy,"51.44500,0.37100 | -42.88400,147.33400 | 53.99900,11.44200 | 55.16200,-6.75800 | 56.37600,-3.35300 | 53.90700,14.25800 | 50.99200,2.40200 | 52.38000,4.91400 | 56.54900,10.23500 | 55.69900,21.12600 | 54.64700,19.90400 | 51.73300,-4.32700 | 57.72600,18.81300 | 49.17900,-2.11600 | 41.28400,2.06900 | 60.09100,19.92900 | 51.23100,4.39500 | 57.02100,23.96700 | 59.98200,23.43200 | 46.53700,32.41000 | 44.94700,28.85900 | 58.18400,8.03100 | 43.79700,7.60000",N/A,0,1,Mnemiopsis leidyi,citizens,19000,N/A,face to face,choice experiment,1,0,N/A,N/A,N/A,N/A,"The study monitored jellyfish occurrences and distributions along the Italian coastline, highlighting the impacts of jellyfish blooms on various sectors.",The study utilized citizen science to gather data on jellyfish sightings.,N/A,,Table 2   First record per country including location and reference,,,,,,,,"The interviews took place in a private setting, through one-on-one meetings",Gain and loss of money in a choice experiment.,,,
s42535-024-00871-x.pdf,1,85,"Musarella, Carmelo Maria; Sciandrello, Saverio; Domina, Gianniantonio",2025,Competition between alien and native species in xerothermic steno-Mediterranean grasslands: Cenchrus setaceus and Hyparrhenia hirta in Sicily and southern Italy,Vegetos,Italy,"51.44500,0.37100 | -42.88400,147.33400 | 53.99900,11.44200 | 55.16200,-6.75800 | 56.37600,-3.35300 | 53.90700,14.25800 | 50.99200,2.40200 | 52.38000,4.91400 | 56.54900,10.23500 | 55.69900,21.12600 | 54.64700,19.90400 | 51.73300,-4.32700 | 57.72600,18.81300 | 49.17900,-2.11600 | 41.28400,2.06900 | 60.09100,19.92900 | 51.23100,4.39500 | 57.02100,23.96700 | 59.98200,23.43200 | 46.53700,32.41000 | 44.94700,28.85900 | 58.18400,8.03100 | 43.79700,7.60000",N/A,0,1006,Cenchrus setaceus,fishers,N/A,N/A,face to face,choice experiment,0,0,N/A,N/A,N/A,N/A,The study investigates the impact of Cenchrus setaceus invasion on native grasslands dominated by Hyparrhenia hirta in Sicily and southern Italy.,N/A,N/A,,Table 2   First record per country including location and reference,,,"At the end of 2020, a total of 1006 NIS have been censused throughout the entire Mediterranean basin",,"Overall, 70 professional small-scale fishers participated in the survey.",,,"The interviews took place in a private setting, through one-on-one meetings",Gain and loss of money in a choice experiment.,,,
sustainability-17-02435.pdf,1,85,"Ortega, G.; Barragán, J.M.; Gilbert, J.D.; Ortega, F.; Guerrero, F.",2025,"Economic Loss and Ecosystem Service Decline in Mediterranean Ponds (Andalusia, Spain): The Impact of Olive Groves over the Last 20 Years",Sustainability,Spain,"51.44500,0.37100 | -42.88400,147.33400 | 53.99900,11.44200 | 55.16200,-6.75800 | 56.37600,-3.35300 | 53.90700,14.25800 | 50.99200,2.40200 | 52.38000,4.91400 | 56.54900,10.23500 | 55.69900,21.12600 | 54.64700,19.90400 | 51.73300,-4.32700 | 57.72600,18.81300 | 49.17900,-2.11600 | 41.28400,2.06900 | 60.09100,19.92900 | 51.23100,4.39500 | 57.02100,23.96700 | 59.98200,23.43200 | 46.53700,32.41000 | 44.94700,28.85900 | 58.18400,8.03100 | 43.79700,7.60000",N/A,0,1006,Rugulopteryx okamurae,fishers,N/A,N/A,face to face,economic study,0,0,N/A,N/A,N/A,26483.19,"The study investigates economic losses resulting from anthropogenic environmental impacts on wetlands in the Alto Guadalquivir region, focusing on the devaluation of ecosystem services due to the conversion of wetlands into olive groves.",N/A,N/A,,"51.445, 0.371 | − 42.884, 147.334 | 53.999, 11.442 | 55.162, − 6.758 | 56.376, − 3.353 | 53.907, 14.258 | 50.992, 2.402 | 52.380, 4.914 | 56.549, 10.235 | 55.699, 21.126 | 54.647, 19.904 | 51.733, − 4.327 | 57.726, 18.813 | 49.179, − 2.116 | 41.284, 2.069 | 60.091, 19.929 | 51.231, 4.395 | 57.021, 23.967 | 59.982, 23.432 | 46.537, 32.410 | 44.947, 28.859 | 58.184, 8.031 | 43.797, 7.600",,,"At the end of 2020, a total of 1006 NIS have been censused throughout the entire Mediterranean basin",First record of the invasive alien species Rugulopteryx okamurae,"Overall, 70 professional small-scale fishers participated in the survey.",,,"The interviews took place in a private setting, through one-on-one meetings",,,,
we-25-137-2025.pdf,1,85,"Weterings, Robbie; Zhang, Zhixin; Cornwell, Tomas O.",2025,The effects of climate change on European distributions of four alien marine crab species,Web Ecol.,Netherlands; China,"51.44500,0.37100 | -42.88400,147.33400 | 53.99900,11.44200 | 55.16200,-6.75800 | 56.37600,-3.35300 | 53.90700,14.25800 | 50.99200,2.40200 | 52.38000,4.91400 | 56.54900,10.23500 | 55.69900,21.12600 | 54.64700,19.90400 | 51.73300,-4.32700 | 57.72600,18.81300 | 49.17900,-2.11600 | 41.28400,2.06900 | 60.09100,19.92900 | 51.23100,4.39500 | 57.02100,23.96700 | 59.98200,23.43200 | 46.53700,32.41000 | 44.94700,28.85900 | 58.18400,8.03100 | 43.79700,7.60000",N/A,0,4,Hemigrapsus sanguineus; Charybdis longicollis; Matuta victor; Portunus segnis,fishers,N/A,N/A,face to face,choice experiment,0,0,N/A,N/A,N/A,26483.19,The study predicts the current and potential future distribution of four predatory brachyuran crabs under various climate scenarios in European waters.,N/A,N/A,,"51.445, 0.371 | − 42.884, 147.334 | 53.999, 11.442 | 55.162, − 6.758 | 56.376, − 3.353 | 53.907, 14.258 | 50.992, 2.402 | 52.380, 4.914 | 56.549, 10.235 | 55.699, 21.126 | 54.647, 19.904 | 51.733, − 4.327 | 57.726, 18.813 | 49.179, − 2.116 | 41.284, 2.069 | 60.091, 19.929 | 51.231, 4.395 | 57.021, 23.967 | 59.982, 23.432 | 46.537, 32.410 | 44.947, 28.859 | 58.184, 8.031 | 43.797, 7.600",,,,,"Overall, 70 professional small-scale fishers participated in the survey.",,,"The interviews took place in a private setting, through one-on-one meetings",Gain and loss of money in a choice experiment.,,,
