pdf_filename,relevance,relevance_percentage,author,year,title,journal,country,spatial coordinates,distance coast,protected area,number of marine alien species,marine alien species,respondent,sample size,type of sample,survey mode,type of study,single site/multiple site,CVM_elicitation,metrics,year of estimate,u.m. estimate,estimate,description,note,country__evidence,spatial coordinates__evidence,distance coast__evidence,protected area__evidence,number of marine alien species__evidence,marine alien species__evidence,respondent__evidence,sample size__evidence,type of sample__evidence,survey mode__evidence,type of study__evidence,single site/multiple site__evidence,year of estimate__evidence,u.m. estimate__evidence
020207.pdf,0,0,N/A,N/A,N/A,N/A,N/A,N/A,N/A,N/A,N/A,N/A,N/A,N/A,N/A,N/A,N/A,N/A,N/A,N/A,N/A,N/A,N/A,N/A,"The context provided discusses biochemical studies of freshwater bivalves and does not mention marine invasive alien species, economic valuation, or any related methodologies.",,,,,,,,,,,,,,
02a6820a-971e-4160-8466-50c7a34f09d5.pdf,1,75,Macarena Marambio; Maria Pascual-Torner; Uxue Tilves; Alejandra Pérez; Ainara Ballesteros; Josep-Maria Gili,2025,The westernmost record of the scyphomedusa Cassiopea andromeda in the Mediterranean: marine citizen science contributions to invasive species detection and monitoring,N/A,Spain,N/A,N/A,0,950,Cassiopea andromeda,volunteers,12,N/A,mixed,Research Article,Single site,0,N/A,N/A,N/A,N/A,"This study confirms the first record of Cassiopea andromeda in Spanish Mediterranean waters, representing the westernmost record in the basin.",N/A,,,,,Recent studies have listed over 950 alien species introduced into the Mediterranean (Zenetos et al. 2020),,OdM has a large and highly engaged community of volunteers from different sectors,,,online and in-person training,,,,
1-s2.0-S0025326X25002280-main.pdf,1,85,Cemile Solak-Fiskin; Mehmet Cihan; Mustafa Remzi Gül,2025,The collective effects of potential drivers on the incidence of non-indigenous species in the Mediterranean: A long-term investigation,Marine Pollution Bulletin,Denmark; Turkiye,N/A,N/A,0,1000,Rugulopteryx okamurae; Cassiopea andromeda; Mastigias papua; Phyllorhiza punctata,volunteers,7636,N/A,N/A,Long-term investigation,Multiple site,0,Incidence rate of NIS,2023,N/A,79.3,"This study investigates the collective effects of shipping activities, environmental dynamics, and socioeconomic factors on the incidence of non-indigenous species in the Mediterranean Sea.",Data sets covering the period between 1993 and 2023 were used.,,,,,,"First record of the invasive alien species Rugulopteryx okamurae; Cassiopea andromeda (Forsskål, 1775); Mastigias papua; Phyllorhiza punctata",OdM has a large and highly engaged community of volunteers from different sectors,,,,,,,
1-s2.0-S004896972500871X-main.pdf,1,75,Hisashi Kato-Noguchi; Midori Kato,2025,"The Invasive Mechanism and Impact of Arundo donax, One of the World’s 100 Worst Invasive Alien Species",Plants,Japan,N/A,N/A,1,1000,Rugulopteryx okamurae; Cassiopea andromeda; Mastigias papua; Phyllorhiza punctata,volunteers,N/A,N/A,N/A,Review,1,0,N/A,2023,N/A,N/A,"This review provides an overview of the growth and reproductive capacity of A. donax, and its adaptability to abiotic and biotic stressors. It also discusses the impact of A. donax on abiotic and biotic ecosystem processes.",N/A,,,,,the total number of verified NIS was estimated to be approximately 1000,"First record of the invasive alien species Rugulopteryx okamurae; Cassiopea andromeda (Forsskål, 1775); Mastigias papua; Phyllorhiza punctata",OdM has a large and highly engaged community of volunteers from different sectors,,,,,multiple sites,"the socioeconomic variables including country- specific population and GDPs were retrieved from the World Bank (2023a,b, 2024)",
1-s2.0-S0141113625002211-main.pdf,1,75,Filippo Piccardi; Claudio Bortot; Luca Brunoni; Federica Poli; Gil Guastoni Rosenthal; Carlotta Mazzoldi; Alberto Barausse,2025,"Invasive blue vs. local Green: analysis of substrate preference of two crab species, Callinectes sapidus and Carcinus aestuarii",Marine Environmental Research,Italy,N/A,N/A,0,1,Callinectes sapidus,divers,12,Sediment samples,N/A,Laboratory experiment,Single site,0,Time spent on each substrate,2023,N/A,N/A,This study compares habitat preference of the invasive Atlantic Blue Crab and the native Mediterranean Shore Crab in the Venice Lagoon.,N/A,,,,,,,"75% of the SO network consists of diving centers or clubs, which represents a good opportunity for marine citizen science, as divers are considered one of the most committed user groups",collecting twelve individuals distributed along the Marina Aguadulce,,,,,"socioeconomic variables including country-specific population and GDPs were retrieved from the World Bank (2023a,b, 2024)",
1-s2.0-S0308597X25003057-main.pdf,1,75,Marina Chiappi; Ernesto Azzurro; Pierluigi Strafella; Carmen Ferrà; Francesca Luzi; Stefano Guicciardi; Giorgio Mancinelli; Alessio Bonaldo; Antonina De Marco; Beatrice Fracasso; Sara Mancarella; Chiara Roberta Girelli; Francesco Paolo Fanizzi; Giuseppe Scarcella,2025,Enhancing scientific knowledge to support the exploitation of invasive Anadara spp. in the Adriatic Sea,Marine Policy,Italy,N/A,N/A,0,2,Anadara kagoshimensis; Anadara transversa,fisher,66,randomly selected locations,experimental trawling survey,other,multiple site,0,maximum sustainable yield (MSY),2023,tons,11486.2,This research aims to provide essential scientific knowledge to support the sustainable exploitation of invasive bivalves Anadara kagoshimensis and A. transversa in the Adriatic Sea.,Data was based on a large dataset surveyed annually from 2008 to 2023.,,,,,,,traditionally employed by local fishers targeting flatfishes and economically significant benthic species,,,,"this study collectively investigates shipping activities, environmental dynamics, and socioeconomic factors as causative drivers of NIS incidence in the Mediterranean Sea.",,,
1-s2.0-S0308597X25003197-main.pdf,1,75,Jimlea Nadezhda Mendoza; Baiba Pr¯use; Giulia Mattalia; Sophia Kochalski; Julia Prakofjewa; Alessandro Buosi; Aimee Ciriaco; Francesco Primavera; Agnese Martini; Maria Viktoria Bittner; Renata S˜oukand; Adriano Sfriso,2026,"Impacts of invasive algae from the perspective of fishers in the Lagoon of Venice, Northern Italy",Marine Policy,Italy,N/A,N/A,0,26,Rugulopteryx okamurae; Cassiopea xamachana; Mastigias papua; Phyllorhiza punctata; C. andromeda; R. nomadica; Agardhiella subulata; Chaetomorpha linum; Codium fragile; Dictyopteris polypodioides,local fishers,31,interviews,boat trips and interviews,qualitative,single site,0,N/A,2023,N/A,N/A,"The study documents the perceptions of fishers regarding invasive algae, analyses their narratives, and maps the knowledge components related to the invasive algae in the Lagoon of Venice, Italy.",The study was conducted between February 2022 and April 2024.,,,,,,First record of the invasive alien species Rugulopteryx okamurae; Cassiopea xamachana; Mastigias papua; Phyllorhiza punctata; C. andromeda; R. nomadica; Agardhiella subulata; Chaetomorpha linum; Codium fragile; Dictyopteris polypodioides,,,,,,,"the socioeconomic variables including country-specific population and GDPs were retrieved from the World Bank (2023a,b, 2024)",
10.2478_bjir-2025-0013.pdf,1,75,Eni Meli; Dritan Arapi; Rigerta Sadikaj,2025,Some characteristics of epibiotic macroinvertebrates in Mediterranean mussel (Mytilus galloprovincialis) reared in a mariculture of Butrint Lagoon,Balkan Journal of Interdisciplinary Research,Albania,N/A,N/A,0,1000,Rugulopteryx okamurae; Cassiopea xamachana; Mastigias papua; Phyllorhiza punctata; C. andromeda; R. nomadica; Agardhiella subulata; Chaetomorpha linum; Codium fragile; Dictyopteris polypodioides,fisher,N/A,N/A,N/A,Research Article,Single site,0,"Species diversity index (D), numerical abundance (A)",2023,ind/0.1 m²,N/A,"The study provides information on the presence of epibiont fauna in a Mediterranean mussel’s aquaculture situated in the Butrint Lagoon, including aspects of taxonomy, species richness and seasonal as well as spatial dynamic of abundance.",N/A,,,,,the total number of verified NIS was estimated to be approximately 1000,First record of the invasive alien species Rugulopteryx okamurae; Cassiopea xamachana; Mastigias papua; Phyllorhiza punctata; C. andromeda; R. nomadica; Agardhiella subulata; Chaetomorpha linum; Codium fragile; Dictyopteris polypodioides,traditionally employed by local fishers targeting flatfishes,,,,,,,
11594-Citizen-science.pdf,1,75,Jakovos Demetriou; Lech Borowiec; Christos Georgiadis; Evan P. Economo; Helen E. Roy; Angeliki F. Martinou; Sebastian Salata,2025,Citizen-science Supplements Species Inventories and Reveals the Invasion of Monomorium exiguum and Pheidole parva (Hymenoptera: Formicidae) in Cyprus,Sociobiology,Cyprus,N/A,N/A,Akrotiri salt lake and wetland,1000,Rugulopteryx okamurae; Cassiopea xamachana; Mastigias papua; Phyllorhiza punctata; C. andromeda; R. nomadica; Agardhiella subulata; Chaetomorpha linum; Codium fragile; Dictyopteris polypodioides,N/A,16,Citizen science kits,N/A,Field study,Single site,0,N/A,2023,N/A,N/A,"This study presents the first records of the alien M. exiguum and P. parva from Cyprus, highlighting the importance of citizen science in detecting and mapping the distribution of alien and native species.",The study involved students collecting ant specimens in a rural village in Cyprus.,,,,,the total number of verified NIS was estimated to be approximately 1000,First record of the invasive alien species Rugulopteryx okamurae; Cassiopea xamachana; Mastigias papua; Phyllorhiza punctata; C. andromeda; R. nomadica; Agardhiella subulata; Chaetomorpha linum; Codium fragile; Dictyopteris polypodioides,,,,,,,"the socioeconomic variables including country-specific population and GDPs were retrieved from the World Bank (2023a,b, 2024)",
12994.pdf,1,75,Alessio Manfredi; Patrizio Lorusso; Annamaria Pandiscia; Elisabetta Bonerba; Edmondo Ceci; Giancarlo Bozzo; Domenico Cristofaro; Valentina Terio,2025,Antibiotic residues and heavy metals in blue crabs (Callinectes sapidus) fished in the Mediterranean Sea: a preliminary study,Italian Journal of Food Safety,Italy,N/A,N/A,0,1000,Callinectes sapidus,N/A,18,blue crab appendage muscle,N/A,preliminary study,multiple site,0,heavy metals and antibiotic residues,2023,mg/kg,0.5,This study assesses heavy metals and antibiotic residues in blue crab samples from various Mediterranean sites.,"Presented at the XXXIII National Conference of the Italian Association of Veterinary Food Hygienists (AIVI), September 2024.",,,,,the total number of verified NIS was estimated to be approximately 1000,,,,,,,,"the socioeconomic variables including country-specific population and GDPs were retrieved from the World Bank (2023a,b, 2024)",
2025.08.13.663855.full.pdf,1,75,Eric Dominique Henri Durieux; Klervi Le Corre; Guillaume Marchessaux; Dimitri Veyssiere; Sabrina Etourneau; Marie Garrido,2025,Movements and habitat use of the invasive blue crab Callinectes sapidus in a Mediterranean coastal lagoon,N/A,France,N/A,N/A,0,1000,Callinectes sapidus,N/A,31,tagged crabs,acoustic telemetry,field study,single site,0,"movement patterns, activity levels, habitat preferences",2023,N/A,N/A,"This study presents the first acoustic telemetry-based assessment of C. sapidus within its invasive range, focusing on movement patterns, activity levels, and habitat preferences in Biguglia Lagoon, Corsica.",N/A,,,,,the total number of verified NIS was estimated to be approximately 1000,,,,,,,,,
23232.pdf,1,75,Jian Xu; Guangpeng Feng; Yunzhi Yan,2025,"Effects of polystyrene nanoplastics and copper on gill tissue structure, metabolism, and immune function of the Chinese mitten crab (Eriocheir sinensis)",Frontiers in Marine Science,China,N/A,N/A,0,1006,Rugulopteryx okamurae; Cassiopea xamachana; Mastigias papua; Phyllorhiza punctata; C. andromeda; R. nomadica; Agardhiella subulata; Chaetomorpha linum; Codium fragile; Dictyopteris polypodioides,N/A,240,Eriocheir sinensis,N/A,Original Research,Single site,0,N/A,2023,N/A,N/A,"This study evaluated the toxicity of nanoplastics and copper on the gill tissues of Eriocheir sinensis, focusing on tissue morphology, metabolism, and immune functions.",N/A,,,,,a total of 1006 NIS have been censused throughout the entire Mediterranean basin,First record of the invasive alien species Rugulopteryx okamurae; Cassiopea xamachana; Mastigias papua; Phyllorhiza punctata; C. andromeda; R. nomadica; Agardhiella subulata; Chaetomorpha linum; Codium fragile; Dictyopteris polypodioides,,,,,,,"socioeconomic variables including country-specific population and GDPs were retrieved from the World Bank (2023a,b, 2024)",
2502.07095v1.pdf,1,85,Francesco Tiralongo; Emanuele Mancini; Raffaele Gattelli; Costanza Di Pasquale; Emanuele Rossetti; Riccardo Martellucci; Alberto Felici; Giorgio Mancinelli; Christian Mulder,2023,The devastating economic impact of Callinectes sapidus on the clam fishing in the Po Delta (Italy): striking evidence from novel field data,N/A,Italy,"44.92266N, 12.49370E; 44.85906N, 12.41786E",N/A,0,1000,Callinectes sapidus,N/A,N/A,Field data,N/A,Ecological and socio-economic analysis,Multiple site,0,Statistical analysis of crab abundance and clam production,2024,N/A,N/A,"This study explores the influence of C. sapidus on clam production in the Po Delta, combining biological and ecological data with socio-economic analysis.",Field data collected between August and December 2023.,,,,,the total number of verified NIS was estimated to be approximately 1000,,,,,,,,,
44552.pdf,1,85,Emma Cantos-Villar; Amaia Mena-Petite; Ana M. Díez-Navajas; Enrico Cretazzo; Maite Lacuesta; Jon Miranda-Apodaca; Usue Pérez-López; Juan José Córdoba-Granados; Asier Cámara; Nadia Bertazzon; Iratxe Zarraonaindia,2025,Rugulopteryx okamurae extract provides protection against Plasmopara viticola,OENO One,Spain,N/A,N/A,0,1000,Rugulopteryx okamurae,N/A,N/A,N/A,N/A,experimental,single site,0,"gene expression, antioxidant enzyme activities, polyphenols, disease incidence and severity",2023,N/A,20,"The study evaluates the ability of a R. okamurae extract to prevent Plasmopara viticola damage on two clones of Tempranillo plants, demonstrating its potential as a biostimulant.",Published under the Creative Commons licence (CC BY 4.0).,,,,,the total number of verified NIS was estimated to be approximately 1000,,,,,,,,"the socioeconomic variables including country-specific population and GDPs were retrieved from the World Bank (2023a,b, 2024)",
67bee28206179.pdf,1,85,PATRICK ASTRUCH; THOMAS SCHOHN; FRÉDÉRIC ANDRÉ; BRUNO BELLONI; CHARLES-FRANÇOIS BOUDOURESQUE; CHRISTOPHE LEJEUSNE; NICOLAS MAYOT; GUILLAUME MARCHESSAUX; THIERRY THIBAUT; HELMUT ZIBROWIUS; MARC VERLAQUE,2025,"Chaotic and long-term trends in Berre Lagoon (Provence, France): a shift towards alien-dominated assemblages?",Mediterranean Marine Science,France,N/A,N/A,0,38,Mnemiopsis leidyi; Acartia (Acanthacartia) tonsa; Amphibalanus eburneus; Rugulopteryx okamurae; Cassiopea xamachana; Mastigias papua; Phyllorhiza punctata; C. andromeda; R. nomadica,N/A,N/A,N/A,N/A,Research Article,Single site,0,N/A,2023,N/A,N/A,"The study discusses the ecological changes in Berre Lagoon, focusing on the introduction of non-indigenous species and the impact of environmental changes.",The article presents an updated list of non-indigenous species and discusses their introduction rates and ecological impacts.,,,,,,"Mnemiopsis leidyi A. Agassiz, 1865; Acartia (Acanthacartia) tonsa Dana, 1849-1852; Amphibalanus eburneus (Gould, 1841); Rugulopteryx okamurae (Phaeophyceae, Dictyotales); Cassiopea xamachana; Mastigias papua; Phyllorhiza punctata; C. andromeda; R. nomadica",,,,,,,"the socioeconomic variables including country-specific population and GDPs were retrieved from the World Bank (2023a,b, 2024)",
AquaInv-20-199_article-154614_en_1.pdf,1,85,Yuriy Kvach; Halyna Gabrielczak; Anastasiia Lepekha; Mikhail O. Son; Sergii Khutornoi,2025,"The Chesapeake blue crab, Callinectes sapidus Rathbun, 1896: new finding, origin, and further spread in the Ukrainian part of the Black Sea",Aquatic Invasions,Ukraine,"46.288722°N, 30.663694°E",N/A,0,1000,Callinectes sapidus,N/A,1,individual,field sampling,research article,single site,0,"morphometric measurements, egg count",2024,N/A,N/A,"This study presents novel findings on the presence and breeding of the non-indigenous Chesapeake blue crab, Callinectes sapidus, in the Black Sea region.",The study provides evidence of successful reproduction by a female blue crab with eggs in this non-native habitat.,,,,,the total number of verified NIS was estimated to be approximately 1000,,,,,,,,,
Aquatic Conservation - 2025 - Delrieu‐Trottin - Improving the Monitoring of the Invasive Blue Crab Callinectes sapidus .pdf,1,85,Erwan Delrieu-Trottin; Mathieu Bianic; Claude Miaud; Manon Garcia; Véronique Arnal; Régis Hocdé; Christophe Cochet; Nathalie Barré; Laetitia Cornil; Stéphanie Manel,2025,Improving the Monitoring of the Invasive Blue Crab (Callinectes sapidus): Combining Environmental DNA and Citizen Observations,Aquatic Conservation: Marine and Freshwater Ecosystems,France,N/A,N/A,0,1000,Callinectes sapidus,N/A,61,eDNA samples,N/A,Field study,Multiple site,0,Detection rate,2023,N/A,52,The study validated a qPCR assay for detecting the invasive Blue Crab in the Mediterranean Sea using eDNA from environmental samples.,The study involved collaboration with local stakeholders and citizen science.,,,,,the total number of verified NIS was estimated to be approximately 1000,,,,,,,,"the socioeconomic variables including country-specific population and GDPs were retrieved from the World Bank (2023a,b, 2024)",
Biological Reviews - 2025 - Seebens - Biological invasions a global assessment of geographic distributions long‐term.pdf,1,85,Hanno Seebens; Laura A. Meyerson; David M. Richardson; Bernd Lenzner; Elena Tricarico; Franck Courchamp; Alla Aleksanyan; Emre Keskin; Hanieh Saeedi; Perpetra Akite; Jake M. Alexander; Sarah A. Bailey; Dino Biancolini; Tim M. Blackburn; Hans Juergen Boehmer; Alejandro Bortolus; Marc W. Cadotte; César Capinha; James T. Carlton; Jo Anne Crouch; Curtis C. Daehler; Franz Essl; Llewellyn C. Foxcroft; Jason D. Fridley; Nicol Fuentes; Mirijam Gaertner; Bella Galil; Emili García-Berthou; Pablo García-Díaz; Sylvia Haider; Liam Heneghan; Kevin A. Hughes; Cang Hui; Ekin Kaplan; Andrew M. Liebhold; Chunlong Liu; Elizabete Marchante; Hélia Marchante; Alicia Marticorena; David W. Minter; Rodrigo A. Moreno; Wolfgang Nentwig; Aidin Niamir; Ana Novoa; Ana L. Nunes; Aníbal Pauchard; Sebataolo Rahlao; Anthony Ricciardi; James C. Russell; K.V. Sankaran; Anna Schertler; Evangelina Schwindt; Ross T. Shackleton; Daniel Simberloff; David L. Strayer; Alifereti Tawake; Marco Thines; Cristóbal Villaseñor-Parada; Jean Ricardo Simões Vitule; Viktoria Wagner; Victoria Werenkraut; Karsten Wesche; Demian A. Willette; Rafael D. Zenni; Petr Pyšek,2025,"Biological invasions: a global assessment of geographic distributions, long-term trends, and data gaps",Biological Reviews,Spain; France; Italy; Greece; Egypt; Israel; Turkey,N/A,N/A,0,N/A,Mnemiopsis leidyi; Acartia (Acanthacartia) tonsa; Amphibalanus eburneus,N/A,N/A,N/A,N/A,N/A,0,0,N/A,2023,N/A,N/A,"The Mediterranean Sea is increasingly threatened by biodiversity loss due to the proliferation of non-indigenous species (NIS), driven by shipping activities and socio-economic factors.",N/A,"A total of 7636 records were found, with Spain, France, Italy, and Greece having the highest number of records. For example, the dominant vector for Egypt, Israel, and Turkey is the Suez Canal.",,,,,"Mnemiopsis leidyi A. Agassiz, 1865; Acartia (Acanthacartia) tonsa Dana, 1849-1852; Amphibalanus eburneus (Gould, 1841)",,,,,,,"the socioeconomic variables including country-specific population and GDPs were retrieved from the World Bank (2023a,b, 2024)",
Damageandeconomicimpactofwood-borersBivalviaTeredinidaeonartisanalfishing.pdf,1,85,JAZILA EL JAMAAI; AHMED TAHERI; BILAL EL AJJOURI; MOHAMMED SAID ADLAN MERINI; LUÍSA M. S. BORGES,2025,"Damage and economic impact of wood-borers (Bivalvia, Teredinidae) on artisanal fishing in Morocco: a case study",Mediterranean Marine Science,Morocco,"35.7905° N, 5.8080° W",N/A,0,2,Lyrodus cf. pedicellatus; Teredo bartschi,artisanal shipowners,40,questionnaire survey,N/A,case study,single site,0,"repair costs, extent of damage",2022,MAD,4.7,"This study presents the first comprehensive assessment of the economic impact of wood-boring bivalves from the family Teredinidae on artisanal fishing in Tangier, Morocco.",The findings underscore the urgent need for targeted management strategies to mitigate the economic and ecological impacts of these invasive species on artisanal fishing communities.,,,,,,,,,,,,,,
Ecology and Evolution - 2025 - Fernández - First Records of Wild Octopus Octopus vulgaris Preying on Adult Invasive Blue.pdf,1,85,Julio Fernández; Ignacio Gestoso; Hidde Juijn; Miguel Cabanellas-Reboredo; Jorge Hernández-Urcera,2025,First Records of Wild Octopus (Octopus vulgaris) Preying on Adult Invasive Blue Crabs (Callinectes sapidus),Ecology and Evolution,Spain,"38.64055556° N, 0.05027778° E; 38.79138889° N, 0.18277778° E; 38.99138889° N, 1.28583333° E",N/A,0,1,Callinectes sapidus,N/A,3,observational,N/A,field study,multiple site,0,N/A,2023,N/A,N/A,"This study reports the predation of the invasive blue crab by the common octopus in the Mediterranean Sea, highlighting the role of native predators in controlling invasive species.",N/A,,,,,,,,,,,,,"the socioeconomic variables including country-specific population and GDPs were retrieved from the World Bank (2023a,b, 2024)",
Global Change Biology - 2025 - Haubrock - A Global Account of Established Non‐Native Fish Species.pdf,1,85,Phillip J. Haubrock; Mariana Novello; Neil Angelo Abreo; Dagmara Błońska; Ana Clara Sampaio Franco; Ismael Soto; Giuseppe Castaldelli; Stelios Katsanevakis; Antonín Kouba; Paride Balzani; Irmak Kurtul; Ali Serhan Tarkan; Elizabeta Briski; Robert Britton,2025,A Global Account of Established Non-­Native Fish Species,Global Change Biology,Spain; France; Italy; Greece; Egypt; Israel; Turkey,N/A,N/A,0,N/A,N/A,N/A,N/A,N/A,N/A,N/A,0,0,N/A,2023,N/A,N/A,"This study compiled a comprehensive dataset from several global sources to examine the taxonomic diversity, geographical distribution, introduction pathways, and ecological impacts of non-native freshwater and marine fishes.",This is an open access article under the terms of the Creative Commons Attribution License.,"A total of 7636 records were found, with Spain, France, Italy, and Greece having the highest number of records. The dominant vector for Egypt, Israel, and Turkey is the Suez Canal.",,,,,,,,,,,,"the socioeconomic variables including country-specific population and GDPs were retrieved from the World Bank (2023a,b, 2024)",
NB-97-135_article-131827_en_1.pdf,1,85,Sima Sohrabi; Ayşe Yazlık; Ioannis Bazos; Javid Gherekhloo; Vaya Kati; Yasin Emre Kitiş; Margarita Arianoutsou; Alessandra Kortz; Petr Pyšek,2025,"Alien species of Ipomoea in Greece, Türkiye and Iran: distribution, impacts and management",NeoBiota,Greece; Türkiye; Iran,"39.0742°N, 21.8243°E",N/A,0,N/A,N/A,N/A,N/A,N/A,N/A,Research Article,Multiple site,0,N/A,2023,N/A,N/A,"This study provides a detailed overview of Ipomoea species in Greece, Türkiye, and Iran, discussing their distribution, impacts, and management options.",This is an open access article distributed under terms of the Creative Commons Attribution License (Attribution 4.0 International – CC BY 4.0).,,,,,,,,,,,,,"the socioeconomic variables including country-specific population and GDPs were retrieved from the World Bank (2023a,b, 2024)",
NB-99-109_article-148323_en_1.pdf,1,85,Randall R. Jiménez; Kevin G. Smith; Thomas M. Brooks; Riccardo Scalera; Louise Mair; Ana L. Nunes; Katie E. Costello; Nicholas B. W. Macfarlane,2025,Guiding action on invasive alien species towards meeting the EU's Biodiversity Strategy for 2030,NeoBiota,N/A,N/A,N/A,0,N/A,N/A,N/A,N/A,N/A,N/A,N/A,0,0,STAR metric,2023,N/A,N/A,This study applies the STAR methodology to identify and quantify opportunities to reduce species extinction risk in the EU by managing invasive alien species.,This is an open access article distributed under terms of the Creative Commons Attribution License.,,,,,,,,,,,,,"the socioeconomic variables including country-specific population and GDPs were retrieved from the World Bank (2023a,b, 2024)",
Taybi et al P_magna natcroat 2025.pdf,1,85,Fouzi Abdelkhaleq Taybi; Kamal Gourari; Abdessadek Essadek; Youness Mabrouki,2025,"Expansion of the non-indigenous sponge Paraleucilla magna Klautau, Monteiro & Borojevic, 2004 (Porifera: Calcarea) along the Mediterranean coast of Morocco",Nat. Croat.,Morocco,"35°11'09.2""N 2°55'25.9""W; 35°06'36.9""N 2°17'47.8""W",N/A,Marchica Lagoon,N/A,Paraleucilla magna; Branchiomma luctuosum; Callinectes sapidus; Botrylloides niger; Microcosmus squamiger; Polyandrocarpa zorritensis; Styela plicata,N/A,N/A,N/A,N/A,N/A,multiple site,0,N/A,2023,N/A,N/A,"The study documents the occurrence and expansion of the non-indigenous sponge Paraleucilla magna in the Mediterranean coast of Morocco, specifically in the Marchica Lagoon and Saidia Marina.",The manuscript is accepted for publication and has not been language edited.,,,,,,,,,,,,,"the socioeconomic variables including country-specific population and GDPs were retrieved from the World Bank (2023a,b, 2024)",
Vivas_etal_2024_blue_crab_diet_Articulo_2024-10.pdf,1,85,Miguel Vivas; Encarnación García‑Rodríguez; Ana Muñoz‑Vera; Elena Barcala; Elena Guijarro‑García,2025,"Effect of the Invasive Blue Crab (Callinectes sapidus Rathbun, 1896) in a Protected Coastal Lagoon",Estuaries and Coasts,Spain,N/A,N/A,Place of Community Interest (PCI ES6200030 Mar Menor),1,Callinectes sapidus,N/A,585,Stomach contents,N/A,Ecological impact assessment,Single site,0,"Feeding habits, reproductive ecology",2023,N/A,N/A,"The study investigates the feeding habits and reproductive ecology of the invasive blue crab in the Mar Menor lagoon, assessing its ecological and economic impact.",Further studies are required to design a proper management plan.,,,,,,,,,,,,,"the socioeconomic variables including country-specific population and GDPs were retrieved from the World Bank (2023a,b, 2024)",
fmars-08-633118.pdf,1,85,Laura Miralles; Aitor Ibabe; Mónica González; Eva García-Vázquez; Yaisel J. Borrell,2021,"“If You Know the Enemy and Know Yourself”: Addressing the Problem of Biological Invasions in Ports Through a New NIS Invasion Threat Score, Routine Monitoring, and Preventive Action Plans",Frontiers in Marine Science,Spain,N/A,N/A,0,18,N/A,N/A,612,N/A,N/A,N/A,single site,0,N/A,2023,N/A,3,"This study developed a biological invasion preventive strategy for the international port of Gijon, focusing on non-indigenous species (NIS) and their likelihood of establishment.",The study proposes a new NIS Invasion Threat Score (NIS-ITS) to identify target species for early detection and prevention policies.,,,,,,,,,,,,,"the socioeconomic variables including country-specific population and GDPs were retrieved from the World Bank (2023a,b, 2024)",
fmars-11-1515098.pdf,1,85,Anna Gavioli; Giuseppe Castaldelli; David B. Eggleston; Robert R. Christian,2025,From ecological to anthropogenic factors: unraveling the drivers of blue crab Callinectes sapidus occurrence along the Mediterranean coasts,Frontiers in Marine Science,Italy,N/A,N/A,0,N/A,Callinectes sapidus,N/A,N/A,N/A,N/A,Original Research,0,0,N/A,2023,N/A,3,The study investigates the ecological and anthropogenic factors affecting the occurrence of the Atlantic blue crab along the Mediterranean coasts.,Published 16 January 2025,,,,,,,,,,,,,"the socioeconomic variables including country-specific population and GDPs were retrieved from the World Bank (2023a,b, 2024)",
fmars-12-1489965.pdf,1,85,Audrey Marguin; Simona Bussotti; Paolo Guidetti; Francesca Rossi,2025,A systematic review of fishing impacts on the trophic level of fish populations and assemblages in the Mediterranean Sea,Frontiers in Marine Science,France; Italy,N/A,N/A,0,N/A,N/A,N/A,N/A,N/A,N/A,Systematic Review,0,0,N/A,2023,N/A,3,"This paper presents a systematic review of studies investigating the relationship between fishing activities and the trophic structure of fish populations and assemblages, focusing on the use of trophic level (TL) as a tool to indicate both the state of fisheries and the healthy status of the fish community.",Published 13 August 2025,,,,,,,,,,,,,"the socioeconomic variables including country-specific population and GDPs were retrieved from the World Bank (2023a,b, 2024)",
fmars-12-1603724.pdf,1,85,Sı´lvia Luı´s; Mariana Pinho; Marta L. Lopes; Bruna R. F. Oliveira; Ana I. Sousa; Ana I. Lillebø,2025,Are native species of Ria de Aveiro under invasion? The relations between local activities and environmental perceptions on marine biological resources,Frontiers in Marine Science,Portugal,N/A,N/A,0,N/A,Ruditapes philippinarum; Diopatra neapolitana; Hediste diversicolor; Arenicola spp.; Ruditapes decussatus; Venerupis corrugata,local community members,174,face-to-face questionnaires,in situ,Original Research,single site,0,N/A,2023,N/A,N/A,"This study showcases how the end-users of Ria de Aveiro coastal lagoon perceive the threat of invasive alien species (IAS), as well as biodiversity loss, and how it relates to their local activities, environmental identity and risk perception.",This is an open-access article distributed under the terms of the Creative Commons Attribution License (CC BY).,,,,,,,,,,,,,"the socioeconomic variables including country-specific population and GDPs were retrieved from the World Bank (2023a,b, 2024)",
fmars-12-1631423.pdf,1,85,Marina Chiappi; Yolanda Stranga; Chrysanthi Kalloniati; Konstantinos Tsirintanis; George Tsirtsis; Ernesto Azzurro; Stelios Katsanevakis,2025,"CIMPAL expanded: unraveling the cumulative impacts of invasive alien species, jellyﬁsh blooms, and harmful algal blooms",Frontiers in Marine Science,Italy; Greece,N/A,N/A,0,26,N/A,N/A,N/A,N/A,N/A,Original Research,multiple site,0,N/A,2023,N/A,3,"This study expands the Cumulative IMPacts of invasive ALien species (CIMPAL) index to assess the cumulative impacts of IAS, HABs, and jellyﬁsh blooms, also accounting for interspeciﬁc interactions.",N/A,,,,considered no-take zones of Marine Protected Areas (MPAs) or Fisheries Restricted Areas (FRAs) as the no-fishing conditions,,,,,,,,,"the socioeconomic variables including country-specific population and GDPs were retrieved from the World Bank (2023a,b, 2024)",
ijfs-14-3-13287.pdf,1,85,Alessio Manfredi; Patrizio Lorusso; Annamaria Pandiscia; Elisabetta Bonerba; Edmondo Ceci; Giancarlo Bozzo; Domenico Cristofaro; Valentina Terio,2025,Antibiotic residues and heavy metals in blue crabs (Callinectes sapidus) fished in the Mediterranean Sea: a preliminary study,Italian Journal of Food Safety,Italy,N/A,5000,0,N/A,Callinectes sapidus,N/A,18,blue crab appendage muscle,N/A,preliminary study,multiple site,0,heavy metals and antibiotic residues,2023,mg/kg,0.5,This study assesses heavy metals and antibiotic residues in blue crab samples from various Mediterranean sites.,"Presented at the XXXIII National Conference of the Italian Association of Veterinary Food Hygienists (AIVI), September 2024.",,,5 km offshore,,,,,,,,,,"the socioeconomic variables including country-specific population and GDPs were retrieved from the World Bank (2023a,b, 2024)",
jmse-13-00374.pdf,1,85,Marie Borriglione; Sandrine Ruitton; Aurélie Blanfuné; Michèle Perret-Boudouresque; Bastien Thouroude; Marc Verlaque; Charles-François Boudouresque; Thierry Thibaut,2025,Non-Indigenous Species of Macroalgae in French Mediterranean Marine Protected Areas: Distribution and Trends,J. Mar. Sci. Eng.,France,N/A,25000,Marine Protected Areas (MPAs),107,N/A,N/A,N/A,N/A,N/A,Review,Multiple site,0,N/A,2023,N/A,N/A,"This review quantified and characterized French Mediterranean MPAs, analyzing non-indigenous macroalgae distribution based on existing literature and authors’ observations.",N/A,,,mean of range,,,,,,,,,,"the socioeconomic variables including country-specific population and GDPs were retrieved from the World Bank (2023a,b, 2024)",
jmse-13-01798-v2.pdf,1,85,Dimitrios K. Moutopoulos; Nikoletta Sidiropoulou; Ioannis Vekris; Nikolaos Doumpas; Ioannis Giovos,2025,Marine Invasive Alien Species Reshape Small-Scale Fisheries: Case Study in Greek Coastal Waters,J. Mar. Sci. Eng.,Greece,N/A,N/A,0,11,Lagocephalus sceleratus; Torquigener flavimaculatus; Parupeneus forsskali; Pterois miles; Fistularia commersonii; Sepioteuthis lessoniana; Sargocentron rubrum; Siganus luridus; Siganus rivulatus; Sphyraena chrysotaenia/flavicauda; Pempheris sp.,professional fishers,70,N/A,semi-structured interviews,case study,multiple site,0,"awareness, recognition rates, perceived environmental and economic impacts, catch frequencies, gear damage, injury incidents, behavioral changes",2023,EUR,600,The study investigates the perceptions and adaptive responses of small-scale fishers to marine invasive alien species in Greek coastal waters.,The study highlights the need for regionally tailored management approaches based on fishers' knowledge.,,,,,,,,,,,,,"the socioeconomic variables including country-specific population and GDPs were retrieved from the World Bank (2023a,b, 2024)",
journal.pone.0313429.pdf,1,85,Patricia Prado; Iraida Català; Carles Alcaraz; Maria del Carmen Barberà; Elena Guijarro-Garcı´a; Silvia Falco,2025,"Salinity patterns and local migration determine the isotopic composition of the invasive blue crab, Callinectes sapidus, along the Spanish Mediterranean coast",PLOS ONE,Spain,N/A,25000,0,1,Callinectes sapidus,fisher,N/A,N/A,N/A,N/A,multiple site,0,δ13C and δ15N patterns,2021,N/A,N/A,The study investigates the isotopic composition and dietary habits of the invasive blue crab in various regions of the Spanish Mediterranean.,The study highlights the impact of salinity and local migration on the blue crab's isotopic patterns.,,,mean of range,,,,the demographic profile of the fishers,,,,,,Preliminary test from samples collected in 2021 (first campaign).,
preprints_article_166451_en_1.pdf,1,85,Lorenzo Latini; Giorgio Massaro; Stefania Coppa; Jacopo Giampaoletti; G Andrea de Lucia; Alessia Dinoi; Paolo Magni,2025,"Analysis of the causes and consequences of major concern on biodiversity change in the Gulf of Oristano Area (Sardinia, Italy)",N/A,Italy,"40°03'58.4""N 8°28'29.3""E; 39°40'06.6""N 8°27'33.1""E",N/A,Penisola del Sinis – Isola di Mal di Ventre,N/A,N/A,fisher,N/A,N/A,N/A,N/A,1,0,N/A,2021,N/A,N/A,"This study applies a bow-tie risk analysis framework to identify key drivers, pressures, and consequences associated with species decline and loss, habitat change, and increased competition with non-native species.",N/A,,,,,,,the demographic profile of the fishers,,,,,multiple sites,Preliminary test from samples collected in 2021 (first campaign).,
s10479-025-06759-6.pdf,1,85,Angela Martiradonna; Andrea Caravaggio; Andrea Di Liddo,2025,Cooperation against invasions: multi-agent control of alien species in connected landscapes,Annals of Operations Research,Italy,N/A,N/A,1,N/A,N/A,fisher,N/A,N/A,N/A,choice experiment,1,0,N/A,2021,N/A,N/A,This work presents a dynamic game-theoretic framework for modeling the strategic management of IAS across a network of heterogeneous areas linked by spatial diffusion.,N/A,,,,The regulatory framework of the Sinis Marine Protected Area (MPA) has been progressively strengthened,,,the demographic profile of the fishers,,,,Gain and loss of money in a choice experiment.,N/A,Preliminary test from samples collected in 2021 (first campaign).,
s10530-025-03588-3.pdf,1,85,Peter M. Schächinger; Luboš Beran; Gerlien Verhaegen; Rodrigo B. Salvador; Lorenzo G. O. Ravalo; Martin Haase,2025,"Following the snail trail–reconstructing the invasion route and world‑wide distribution of the New Zealand mud snail Potamopyrgus antipodarum (Mollusca, Caenogastropoda)",Biol Invasions,Germany; Czech Republic; Finland; New Zealand,"41.284,2.069 | 51.445,0.371 | -42.884,147.334 | 53.999,11.442 | 55.162,-6.758 | 56.376,-3.353 | 53.907,14.258 | 50.992,2.402 | 52.380,4.914 | 56.549,10.235 | 55.699,21.126 | 54.647,19.904 | 51.733,-4.327 | 57.726,18.813 | 49.179,-2.116 | 60.091,19.929 | 51.231,4.395 | 57.021,23.967 | 59.982,23.432 | 46.537,32.410 | 44.947,28.859 | 58.184,8.031 | 43.797,7.600",N/A,1,N/A,N/A,fisher,148803,biogeographic records,N/A,choice experiment,multiple site,0,invasion speed; geographic expansion,2021,N/A,N/A,"This study compiles biogeographic records of Potamopyrgus antipodarum from 43 countries, analyzing invasion patterns and dynamics.",N/A,,Table 2   First record per country including location and reference,,the regulatory framework of the Sinis Marine Protected Area (MPA) has been progressively strengthened,,,the demographic profile of the fishers,,,,Gain and loss of money in a choice experiment.,,Preliminary test from samples collected in 2021 (first campaign).,
s10530-025-03589-2.pdf,1,85,Bruno Oliveira; António B. Nogueira; Amílcar Teixeira; Ronaldo Sousa,2025,Subtle ecological effects of the invasive signal crayfish (Pacifastacus leniusculus) on Iberian fish communities,Biological Invasions,Portugal,41°43′47″ to 41°59′24″ N; 6°30′53″ to 7°12′9″ W,N/A,Montesinho Natural Park,N/A,N/A,fisher,2307,fish,field sampling,ecological impact assessment,multiple site,0,"abundance, biomass, richness, diversity",2022,N/A,N/A,The study assessed the ecological effects of the invasive signal crayfish on fish communities in the Montesinho Natural Park.,Ongoing monitoring of signal crayfish populations and their effects on fish communities is essential.,,,,,,,the demographic profile of the fishers,,,,,,,
s10641-025-01731-6.pdf,1,85,Dagmara Błońska; Bartosz Janic; Ali Serhan Tarkan; Marina Piria; Doru Bănăduc; Kristína Slovák Švolíková; Barbora Števove; Jyrki Lappalainen; Kacper Pyrzanowski,2025,Reproductive traits of the invasive round goby (Neogobius melanostomus) along a latitudinal span in Europe,Environ Biol Fish,Türkiye; Croatia; Slovakia; Poland; Finland,"41.284,2.069 | 51.445,0.371 | -42.884,147.334 | 53.999,11.442 | 55.162,-6.758 | 56.376,-3.353 | 53.907,14.258 | 50.992,2.402 | 52.380,4.914 | 56.549,10.235 | 55.699,21.126 | 54.647,19.904 | 51.733,-4.327 | 57.726,18.813 | 49.179,-2.116 | 60.091,19.929 | 51.231,4.395 | 57.021,23.967 | 59.982,23.432 | 46.537,32.410 | 44.947,28.859 | 58.184,8.031 | 43.797,7.600",N/A,1,N/A,N/A,fisher,83,female round gobies,N/A,comparative study,multiple site,0,absolute fecundity; batch fecundity; relative fecundity; oocyte size; gonado-somatic index (GSI); body condition factor,2021,N/A,N/A,"The study investigates reproductive traits of round goby populations across Europe, focusing on fecundity and other reproductive parameters.",N/A,,Table 2   First record per country including location and reference,,the regulatory framework of the Sinis Marine Protected Area (MPA) has been progressively strengthened,,,the demographic profile of the fishers,,,,,,Preliminary test from samples collected in 2021 (first campaign).,
s10750-022-05116-z.pdf,1,85,Álvaro Alonso; Gonzalo A. Collado; Claudia Gérard; Edward P. Levri; Rodrigo B. Salvador; Pilar Castro‑Díez,2023,"Effects of the invasive aquatic snail Potamopyrgus antipodarum (Gray, 1853) on ecosystem properties and services",Hydrobiologia,Spain; Chile; France; USA; New Zealand,"41.284,2.069 | 51.445,0.371 | -42.884,147.334 | 53.999,11.442 | 55.162,-6.758 | 56.376,-3.353 | 53.907,14.258 | 50.992,2.402 | 52.380,4.914 | 56.549,10.235 | 55.699,21.126 | 54.647,19.904 | 51.733,-4.327 | 57.726,18.813 | 49.179,-2.116 | 60.091,19.929 | 51.231,4.395 | 57.021,23.967 | 59.982,23.432 | 46.537,32.410 | 44.947,28.859 | 58.184,8.031 | 43.797,7.600",N/A,1,N/A,Potamopyrgus antipodarum,fisher,34,N/A,N/A,Review,1,0,N/A,2021,N/A,N/A,This study reviews the impacts of the invasive New Zealand mud snail on ecosystem properties and services.,N/A,,Table 2   First record per country including location and reference,,the regulatory framework of the Sinis Marine Protected Area (MPA) has been progressively strengthened,,,the demographic profile of the fishers,the same 34 sites sampled to characterize the fish communities,,,,multiple sites,Preliminary test from samples collected in 2021 (first campaign).,
s10750-024-05717-w.pdf,1,85,Francisco Carvalho; Henrique Alves; Cláudia Pascoal; Paulo Castro; Fernando Miranda; Amílcar Teixeira; Fernanda Cássio; Ronaldo Sousa,2025,Invasive dynamics of the signal crayfish Pacifastacus leniusculus in a protected area,Hydrobiologia,Portugal,"41.284,2.069 | 51.445,0.371 | -42.884,147.334 | 53.999,11.442 | 55.162,-6.758 | 56.376,-3.353 | 53.907,14.258 | 50.992,2.402 | 52.380,4.914 | 56.549,10.235 | 55.699,21.126 | 54.647,19.904 | 51.733,-4.327 | 57.726,18.813 | 49.179,-2.116 | 60.091,19.929 | 51.231,4.395 | 57.021,23.967 | 59.982,23.432 | 46.537,32.410 | 44.947,28.859 | 58.184,8.031 | 43.797,7.600",N/A,Montesinho Natural Park,N/A,N/A,fisher,34,N/A,N/A,Primary Research Paper,Single site,0,"abundance, size, weight, physical condition, sex ratio, aggressiveness",2021,N/A,N/A,"The study assesses the invasion dynamics of the signal crayfish in the Rabaçal River, focusing on population changes and biological traits over time.",The study highlights the need for management actions to mitigate the impacts of the invasive species.,,Table 2   First record per country including location and reference,,,,,the demographic profile of the fishers,the same 34 sites sampled to characterize the fish communities,,,,,Preliminary test from samples collected in 2021 (first campaign).,
s10750-025-05803-7.pdf,1,85,Serenella Cabiddu; Pierantonio Addis; Francesco Palmas; Antonio Pusceddu; Paolo Solari; Viviana Pasquini,2025,"Feeding behavior and preference of the invasive blue crab (Callinectes sapidus Rathbun, 1896) for Mediterranean native bivalves in mesocosm",Hydrobiologia,Italy,"41.284,2.069 | 51.445,0.371 | -42.884,147.334 | 53.999,11.442 | 55.162,-6.758 | 56.376,-3.353 | 53.907,14.258 | 50.992,2.402 | 52.380,4.914 | 56.549,10.235 | 55.699,21.126 | 54.647,19.904 | 51.733,-4.327 | 57.726,18.813 | 49.179,-2.116 | 60.091,19.929 | 51.231,4.395 | 57.021,23.967 | 59.982,23.432 | 46.537,32.410 | 44.947,28.859 | 58.184,8.031 | 43.797,7.600",5000,Special Protection Area; Wetland of International Importance; Special Area of Conservation,9,Callinectes sapidus; Dyspanopeus sayi; Ruditapes philippinarum; Arcuatula senhousia; Caprella scaura; Naineris setosa; Hydroides dianthus; Hydroides elegans,fisher,34,N/A,N/A,Primary Research Paper,Single site,0,N/A,2021,N/A,N/A,Investigated the feeding behavior and prey preference of the invasive blue crab for different commercially exploited Mediterranean native bivalves.,N/A,,Table 2   First record per country including location and reference,5 km offshore,,,,the demographic profile of the fishers,the same 34 sites sampled to characterize the fish communities,,,,,Preliminary test from samples collected in 2021 (first campaign).,
s10811-024-03404-w.pdf,1,85,Félix L. Figueroa; Julia Vega; Noelia Flórez‑Fernández; José Mazón; María Dolores Torres; Herminia Domínguez; Leonel Pereira,2025,"Challenges and opportunities of the exotic invasive macroalga Rugulopteryx okamurae (Phaeophyceae, Heterokontophyta)",Journal of Applied Phycology,Spain; Portugal; France; Italy,"41.284,2.069 | 51.445,0.371 | -42.884,147.334 | 53.999,11.442 | 55.162,-6.758 | 56.376,-3.353 | 53.907,14.258 | 50.992,2.402 | 52.380,4.914 | 56.549,10.235 | 55.699,21.126 | 54.647,19.904 | 51.733,-4.327 | 57.726,18.813 | 49.179,-2.116 | 60.091,19.929 | 51.231,4.395 | 57.021,23.967 | 59.982,23.432 | 46.537,32.410 | 44.947,28.859 | 58.184,8.031 | 43.797,7.600",N/A,1,80,Rugulopteryx okamurae,fisher,34,N/A,N/A,Review,Multiple site,0,N/A,2021,N/A,N/A,The invasion of Rugulopteryx okamurae along the southern European coastline is producing significant ecological and socioeconomic impacts.,N/A,,Table 2   First record per country including location and reference,,the regulatory framework of the Sinis Marine Protected Area (MPA) has been progressively strengthened,,,the demographic profile of the fishers,the abundance of the signal crayfish was assessed in the same 34 sites sampled to characterize the fish communities,,,,,Preliminary test from samples collected in 2021 (first campaign).,
s11356-025-36462-9.pdf,1,85,Esperança Perelló; Samuel Pinya; Antoni Box; Antoni Sureda; Montserrat Compa,2025,Assessing heavy metal accumulation in the invasive blue crab (Callinectes sapidus): environmental and human health implications,Environmental Science and Pollution Research,Spain,"41.284,2.069 | 51.445,0.371 | -42.884,147.334 | 53.999,11.442 | 55.162,-6.758 | 56.376,-3.353 | 53.907,14.258 | 50.992,2.402 | 52.380,4.914 | 56.549,10.235 | 55.699,21.126 | 54.647,19.904 | 51.733,-4.327 | 57.726,18.813 | 49.179,-2.116 | 60.091,19.929 | 51.231,4.395 | 57.021,23.967 | 59.982,23.432 | 46.537,32.410 | 44.947,28.859 | 58.184,8.031 | 43.797,7.600",N/A,1,N/A,Callinectes sapidus,fisher,83,muscle tissue,N/A,costs,multiple site,0,Hg > Pb > Cd,2021,N/A,N/A,"The study evaluates the concentrations of cadmium, lead, and mercury in the muscle tissue of the invasive blue crab, Callinectes sapidus, across several locations in the Balearic Islands.",The consumption of C. sapidus from the Balearic Islands does not currently pose a health risk to the recreational fisheries sector.,,Table 2   First record per country including location and reference,,the regulatory framework of the Sinis Marine Protected Area (MPA) has been progressively strengthened,,,the demographic profile of the fishers,,,,The cost functional for agent i includes both direct and indirect costs.,,Preliminary test from samples collected in 2021 (first campaign).,
s12864-024-11202-4.pdf,1,85,Qing Li; Chuanlong Ge; Lijuan Li,2025,Quantitative DIA‑based proteomics unveils ribosomal biogenesis pathways associated with increased final size in three‑year‑old Chinese mitten crab (Eriocheir sinensis),BMC Genomics,China,"41.284,2.069 | 51.445,0.371 | -42.884,147.334 | 53.999,11.442 | 55.162,-6.758 | 56.376,-3.353 | 53.907,14.258 | 50.992,2.402 | 52.380,4.914 | 56.549,10.235 | 55.699,21.126 | 54.647,19.904 | 51.733,-4.327 | 57.726,18.813 | 49.179,-2.116 | 60.091,19.929 | 51.231,4.395 | 57.021,23.967 | 59.982,23.432 | 46.537,32.410 | 44.947,28.859 | 58.184,8.031 | 43.797,7.600",N/A,1,N/A,N/A,fisher,34,N/A,N/A,costs,1,0,N/A,2021,N/A,N/A,N/A,N/A,,Table 2   First record per country including location and reference,,the regulatory framework of the Sinis Marine Protected Area (MPA) has been progressively strengthened,,,the demographic profile of the fishers,the same 34 sites sampled to characterize the fish communities,,,The cost functional for agent i includes both direct and indirect costs.,The number of total cases and the percentage of cases for each service is showed in each column.,Preliminary test from samples collected in 2021 (first campaign).,
s41598-025-05789-1.pdf,1,85,Serena Zampardi; Priscilla Licandro; Giacomo Milisenda; Danilo Scannella; Stefano Piraino; Ferdinando Boero,2025,Citizen science substantiates jellyfish occurrence in the Mediterranean Sea,Scientific Reports,Italy,"41.284,2.069 | 51.445,0.371 | -42.884,147.334 | 53.999,11.442 | 55.162,-6.758 | 56.376,-3.353 | 53.907,14.258 | 50.992,2.402 | 52.380,4.914 | 56.549,10.235 | 55.699,21.126 | 54.647,19.904 | 51.733,-4.327 | 57.726,18.813 | 49.179,-2.116 | 60.091,19.929 | 51.231,4.395 | 57.021,23.967 | 59.982,23.432 | 46.537,32.410 | 44.947,28.859 | 58.184,8.031 | 43.797,7.600",N/A,1,1,Mnemiopsis leidyi,fisher,6667,Citizen science records,N/A,Monitoring study,Multiple site,0,"Jellyfish sightings, density estimation",2021,N/A,N/A,"The study utilized citizen science data to monitor jellyfish occurrences along the Italian coastline, identifying species and their distribution patterns.",The study highlights the effectiveness of citizen science in marine monitoring.,,Table 2   First record per country including location and reference,,the regulatory framework of the Sinis Marine Protected Area (MPA) has been progressively strengthened,,,the demographic profile of the fishers,,,,,,Preliminary test from samples collected in 2021 (first campaign).,
s42535-024-00871-x.pdf,1,85,Carmelo Maria Musarella; Saverio Sciandrello; Gianniantonio Domina,2025,Competition between alien and native species in xerothermic steno-Mediterranean grasslands: Cenchrus setaceus and Hyparrhenia hirta in Sicily and southern Italy,Vegetos,Italy,"41.284,2.069 | 51.445,0.371 | -42.884,147.334 | 53.999,11.442 | 55.162,-6.758 | 56.376,-3.353 | 53.907,14.258 | 50.992,2.402 | 52.380,4.914 | 56.549,10.235 | 55.699,21.126 | 54.647,19.904 | 51.733,-4.327 | 57.726,18.813 | 49.179,-2.116 | 60.091,19.929 | 51.231,4.395 | 57.021,23.967 | 59.982,23.432 | 46.537,32.410 | 44.947,28.859 | 58.184,8.031 | 43.797,7.600",5000,1,N/A,N/A,fisher,30,Phytosociological relevés,N/A,Field study,Multiple site,0,Ellenberg indicator values,2021,N/A,N/A,"The study investigates the impact of Cenchrus setaceus on native grasslands dominated by Hyparrhenia hirta in Sicily and southern Italy, assessing biodiversity loss and species composition.",The study emphasizes the ecological implications of the invasion and the need for ongoing monitoring and conservation efforts.,,Table 2   First record per country including location and reference,5 km offshore,the regulatory framework of the Sinis Marine Protected Area (MPA) has been progressively strengthened,,,the demographic profile of the fishers,,,,,,Preliminary test from samples collected in 2021 (first campaign).,
sustainability-17-02435.pdf,1,85,Gema Ortega; Juan Manuel Barragán; Juan Diego Gilbert; Fernando Ortega; Francisco Guerrero,2025,"Economic Loss and Ecosystem Service Decline in Mediterranean Ponds (Andalusia, Spain): The Impact of Olive Groves over the Last 20 Years",Sustainability,Spain,"41.284,2.069 | 51.445,0.371 | -42.884,147.334 | 53.999,11.442 | 55.162,-6.758 | 56.376,-3.353 | 53.907,14.258 | 50.992,2.402 | 52.380,4.914 | 56.549,10.235 | 55.699,21.126 | 54.647,19.904 | 51.733,-4.327 | 57.726,18.813 | 49.179,-2.116 | 60.091,19.929 | 51.231,4.395 | 57.021,23.967 | 59.982,23.432 | 46.537,32.410 | 44.947,28.859 | 58.184,8.031 | 43.797,7.600",N/A,1,N/A,N/A,fisher,34,N/A,N/A,costs,1,0,N/A,2022,EUR/ha,26081.97,"This study investigates the economic losses resulting from anthropogenic environmental impacts on wetlands in the Alto Guadalquivir region (Jaén, southeastern Spain) between 1997–2003 and 2022, specifically focusing on the devaluation of ecosystem services.",N/A,,Table 2   First record per country including location and reference,,the regulatory framework of the Sinis Marine Protected Area (MPA) has been progressively strengthened,,,the demographic profile of the fishers,the same 34 sites sampled to characterize the fish communities,,,The cost functional for agent i includes both direct and indirect costs.,multiple sites,,
we-25-137-2025.pdf,1,85,Robbie Weterings; Zhixin Zhang; Tomas O. Cornwell,2025,The effects of climate change on European distributions of four alien marine crab species,Web Ecol.,Netherlands; China,"41.284,2.069 | 51.445,0.371 | -42.884,147.334 | 53.999,11.442 | 55.162,-6.758 | 56.376,-3.353 | 53.907,14.258 | 50.992,2.402 | 52.380,4.914 | 56.549,10.235 | 55.699,21.126 | 54.647,19.904 | 51.733,-4.327 | 57.726,18.813 | 49.179,-2.116 | 60.091,19.929 | 51.231,4.395 | 57.021,23.967 | 59.982,23.432 | 46.537,32.410 | 44.947,28.859 | 58.184,8.031 | 43.797,7.600",N/A,1,4,Hemigrapsus sanguineus; Charybdis longicollis; Matuta victor; Portunus segnis,fisher,34,N/A,N/A,costs,1,0,N/A,2021,N/A,N/A,The study aims to predict the current and potential future distribution of four alien marine crab species under various climate scenarios in European waters using ensemble species distribution models.,N/A,,Table 2   First record per country including location and reference,,the regulatory framework of the Sinis Marine Protected Area (MPA) has been progressively strengthened,,,the demographic profile of the fishers,the abundance of the signal crayfish was assessed in the same 34 sites sampled to characterize the fish communities,,,The cost functional for agent i includes both direct and indirect costs.,multiple sites,Preliminary test from samples collected in 2021 (first campaign).,
